group,plate,serum,virus,replicate,ic50,ic50_bound,midpoint,midpoint_bound,midpoint_bound_type,slope,top,bottom,r2,rmsd
human-qc-dropped,plate21,flu-seqneut-2026-CTS-027,A/Astrakhan/RII-MH273373S/2025_H3N2,plate21-A/Astrakhan/RII-MH273373S/2025_H3N2,7.343e-05,upper,4.771e-06,7.343e-05,upper,0.8,0.6,0,-0.08146,0.03523
human-qc-dropped,plate21,flu-seqneut-2026-CTS-027,A/Badajoz/18738342/2026_H3N2,plate21-A/Badajoz/18738342/2026_H3N2,7.343e-05,upper,2.559e-06,7.343e-05,upper,0.8,0.6,0,-1.354,0.02647
human-qc-dropped,plate21,flu-seqneut-2026-CTS-027,A/Badajoz/18811358/2026_H3N2,plate21-A/Badajoz/18811358/2026_H3N2,7.343e-05,upper,2.572e-06,7.343e-05,upper,0.8,0.6,0,-1.25,0.03842
human-qc-dropped,plate21,flu-seqneut-2026-CTS-027,A/Badajoz/18813527/2026_H3N2,plate21-A/Badajoz/18813527/2026_H3N2,7.343e-05,upper,4.977e-06,7.343e-05,upper,0.8,0.6,0,-0.2689,0.03904
human-qc-dropped,plate21,flu-seqneut-2026-CTS-027,A/Bangkok/P2390/2025_H3N2,plate21-A/Bangkok/P2390/2025_H3N2,7.343e-05,upper,6.324e-07,7.343e-05,upper,0.8,0.6,0,-0.2977,0.03774
human-qc-dropped,plate21,flu-seqneut-2026-CTS-027,A/Bangkok/P2391/2025_H3N2,plate21-A/Bangkok/P2391/2025_H3N2,7.343e-05,upper,3.568e-06,7.343e-05,upper,0.8,0.6,0,-0.5317,0.03392
human-qc-dropped,plate21,flu-seqneut-2026-CTS-027,A/Blaenavon/6687/2026_H3N2,plate21-A/Blaenavon/6687/2026_H3N2,7.343e-05,upper,1.115e-05,7.343e-05,upper,1.178,1,0,0.9999,0.0004273
human-qc-dropped,plate21,flu-seqneut-2026-CTS-027,A/BritishColumbia/RV00279-26/2025_H3N2,plate21-A/BritishColumbia/RV00279-26/2025_H3N2,7.343e-05,upper,5.667e-06,7.343e-05,upper,0.8,0.6,0,-0.3094,0.05345
human-qc-dropped,plate21,flu-seqneut-2026-CTS-027,A/California/GKISBBBH79910/2026_H3N2,plate21-A/California/GKISBBBH79910/2026_H3N2,7.343e-05,upper,4.373e-06,7.343e-05,upper,0.8,0.6,0,-0.437,0.08122
human-qc-dropped,plate21,flu-seqneut-2026-CTS-027,A/California/NIRC-IS-1059/2026_H3N2,plate21-A/California/NIRC-IS-1059/2026_H3N2,7.343e-05,upper,1.584e-06,7.343e-05,upper,0.8,0.6,0,-1.246,0.01454
human-qc-dropped,plate21,flu-seqneut-2026-CTS-027,A/California/NIRC-IS-1067/2026_H3N2,plate21-A/California/NIRC-IS-1067/2026_H3N2,7.343e-05,upper,5.521e-06,7.343e-05,upper,0.8,0.6,0,-0.6432,0.03911
human-qc-dropped,plate21,flu-seqneut-2026-CTS-027,A/Castellon/VAHNSI_02_02400/2025_H3N2,plate21-A/Castellon/VAHNSI_02_02400/2025_H3N2,7.343e-05,upper,2.055e-06,7.343e-05,upper,0.8,0.6,0,-1.146,0.02427
human-qc-dropped,plate21,flu-seqneut-2026-CTS-027,A/Colombia/1851/2024_H3N2,plate21-A/Colombia/1851/2024_H3N2,7.343e-05,upper,8.735e-06,7.343e-05,upper,0.8,0.6,0,-0.7697,0.09176
human-qc-dropped,plate21,flu-seqneut-2026-CTS-027,A/Connecticut/5/2026_H3N2,plate21-A/Connecticut/5/2026_H3N2,7.343e-05,upper,4.634e-06,7.343e-05,upper,0.8,0.6,0,-0.7231,0.03945
human-qc-dropped,plate21,flu-seqneut-2026-CTS-027,A/Darwin/1415/2025_H3N2,plate21-A/Darwin/1415/2025_H3N2,7.343e-05,upper,3.812e-06,7.343e-05,upper,0.8,0.6,0,-0.4055,0.08579
human-qc-dropped,plate21,flu-seqneut-2026-CTS-027,A/Darwin/1454/2025_H3N2,plate21-A/Darwin/1454/2025_H3N2,7.343e-05,upper,1.32e-06,7.343e-05,upper,0.8,0.6,0,-0.2438,0.01926
human-qc-dropped,plate21,flu-seqneut-2026-CTS-027,A/Denmark/3940/2025_H3N2,plate21-A/Denmark/3940/2025_H3N2,7.343e-05,upper,4.742e-06,7.343e-05,upper,0.8,0.6,0,-0.6174,0.05868
human-qc-dropped,plate21,flu-seqneut-2026-CTS-027,A/District_Of_Columbia/27/2023_H3N2,plate21-A/District_Of_Columbia/27/2023_H3N2,7.343e-05,upper,7.292e-06,7.343e-05,upper,0.8,0.6,0,-0.4709,0.1154
human-qc-dropped,plate21,flu-seqneut-2026-CTS-027,A/Florida/ISC-1069/2026_H3N2,plate21-A/Florida/ISC-1069/2026_H3N2,7.343e-05,upper,4.231e-06,7.343e-05,upper,0.8,1,0,0.4079,0.02461
human-qc-dropped,plate21,flu-seqneut-2026-CTS-027,A/France/ARA-HCL026031894402/2026_H3N2,plate21-A/France/ARA-HCL026031894402/2026_H3N2,7.343e-05,upper,5.784e-06,7.343e-05,upper,0.8,0.6,0,-0.465,0.07228
human-qc-dropped,plate21,flu-seqneut-2026-CTS-027,A/France/GES-IPP01077/2026_H3N2,plate21-A/France/GES-IPP01077/2026_H3N2,7.343e-05,upper,1.012e-05,7.343e-05,upper,0.8,0.6,0,-0.5545,0.06125
human-qc-dropped,plate21,flu-seqneut-2026-CTS-027,A/France/HDF-RELAB-IPP00300/2026_H3N2,plate21-A/France/HDF-RELAB-IPP00300/2026_H3N2,7.343e-05,upper,1.694e-06,7.343e-05,upper,0.8,0.6,0,-1.224,0.02067
human-qc-dropped,plate21,flu-seqneut-2026-CTS-027,A/France/HDF-RELAB-IPP00303/2026_H3N2,plate21-A/France/HDF-RELAB-IPP00303/2026_H3N2,7.343e-05,upper,7.502e-06,7.343e-05,upper,0.8,0.6,0,-0.2746,0.0378
human-qc-dropped,plate21,flu-seqneut-2026-CTS-027,A/France/NAQ-HCL026010957001/2026_H3N2,plate21-A/France/NAQ-HCL026010957001/2026_H3N2,7.343e-05,upper,8.773e-07,7.343e-05,upper,0.8,0.6,0,-0.8176,0.02711
human-qc-dropped,plate21,flu-seqneut-2026-CTS-027,A/France/PAC-RELAB-HCL026021993801/2026_H3N2,plate21-A/France/PAC-RELAB-HCL026021993801/2026_H3N2,7.343e-05,upper,6.704e-07,7.343e-05,upper,0.8,0.6,0,-0.7304,0.01965
human-qc-dropped,plate21,flu-seqneut-2026-CTS-027,A/Germany/LRMC_0104/2025_H3N2,plate21-A/Germany/LRMC_0104/2025_H3N2,7.343e-05,upper,2.314e-06,7.343e-05,upper,0.8,0.6,0,-0.4639,0.02085
human-qc-dropped,plate21,flu-seqneut-2026-CTS-027,A/Germany/LRMC_0113/2025_H3N2,plate21-A/Germany/LRMC_0113/2025_H3N2,7.343e-05,upper,7.455e-07,7.343e-05,upper,0.8,0.6,0,-0.9466,0.01534
human-qc-dropped,plate21,flu-seqneut-2026-CTS-027,A/Hawaii/70/2019_H1N1,plate21-A/Hawaii/70/2019_H1N1,7.343e-05,upper,1.2e-05,7.343e-05,upper,1.005,1,0,0.9835,0.00621
human-qc-dropped,plate21,flu-seqneut-2026-CTS-027,A/Hawaii/ISC-1140/2025_H1N1,plate21-A/Hawaii/ISC-1140/2025_H1N1,7.61e-05,interpolated,7.61e-05,7.61e-05,interpolated,2.553,1,0,0.6087,0.1055
human-qc-dropped,plate21,flu-seqneut-2026-CTS-027,A/Ireland/91576/2025_H3N2,plate21-A/Ireland/91576/2025_H3N2,7.343e-05,upper,2.732e-06,7.343e-05,upper,0.8,0.6,0,-0.5806,0.02447
human-qc-dropped,plate21,flu-seqneut-2026-CTS-027,A/Lisboa/216/2023_H3N2,plate21-A/Lisboa/216/2023_H3N2,7.343e-05,upper,3.348e-06,7.343e-05,upper,0.8,0.6,0,-0.6109,0.02881
human-qc-dropped,plate21,flu-seqneut-2026-CTS-027,A/Luxembourg/LNS9132577/2026_H3N2,plate21-A/Luxembourg/LNS9132577/2026_H3N2,7.343e-05,upper,3.538e-06,7.343e-05,upper,0.8,0.6,0,-1.169,0.02907
human-qc-dropped,plate21,flu-seqneut-2026-CTS-027,A/Massachusetts/ISC-1856/2025_H3N2,plate21-A/Massachusetts/ISC-1856/2025_H3N2,7.343e-05,upper,3.374e-06,7.343e-05,upper,0.8,0.6,0,0.4742,0.01026
human-qc-dropped,plate21,flu-seqneut-2026-CTS-027,A/Michigan/8/2026_H3N2,plate21-A/Michigan/8/2026_H3N2,7.343e-05,upper,2.723e-06,7.343e-05,upper,0.8,0.6,0,-0.3033,0.09985
human-qc-dropped,plate21,flu-seqneut-2026-CTS-027,A/Michigan/UM-10068071276/2025_H3N2,plate21-A/Michigan/UM-10068071276/2025_H3N2,7.343e-05,upper,1.776e-05,7.343e-05,upper,1.611,1,0,0.9921,0.002934
human-qc-dropped,plate21,flu-seqneut-2026-CTS-027,A/Michigan/UM-10068134090/2025_H3N2,plate21-A/Michigan/UM-10068134090/2025_H3N2,7.343e-05,upper,2.406e-06,7.343e-05,upper,0.8,0.6,0,-0.7861,0.07345
human-qc-dropped,plate21,flu-seqneut-2026-CTS-027,A/Michigan/UM-10068449788/2025_H3N2,plate21-A/Michigan/UM-10068449788/2025_H3N2,7.343e-05,upper,4.522e-07,7.343e-05,upper,0.8,0.6,0,-0.4719,0.008305
human-qc-dropped,plate21,flu-seqneut-2026-CTS-027,A/Michigan/UM-10068456988/2025_H3N2,plate21-A/Michigan/UM-10068456988/2025_H3N2,7.343e-05,upper,2.366e-06,7.343e-05,upper,0.8,0.6,0,-0.543,0.04092
human-qc-dropped,plate21,flu-seqneut-2026-CTS-027,A/Michigan/UM-10068747355/2026_H3N2,plate21-A/Michigan/UM-10068747355/2026_H3N2,7.343e-05,upper,2.475e-06,7.343e-05,upper,0.8,0.6,0,-0.06783,0.0116
human-qc-dropped,plate21,flu-seqneut-2026-CTS-027,A/Missouri/11/2025_cell_H1N1,plate21-A/Missouri/11/2025_cell_H1N1,7.343e-05,upper,5.396e-05,7.343e-05,upper,0.8,0.6,0,-0.3859,0.1426
human-qc-dropped,plate21,flu-seqneut-2026-CTS-027,A/Missouri/11/2025_egg_H1N1,plate21-A/Missouri/11/2025_egg_H1N1,7.343e-05,upper,9.244e-06,7.343e-05,upper,0.8,0.6,0,0.2763,0.03063
human-qc-dropped,plate21,flu-seqneut-2026-CTS-027,A/Missouri/NIRC-AV-1003/2025_H3N2,plate21-A/Missouri/NIRC-AV-1003/2025_H3N2,7.343e-05,upper,1.341e-06,7.343e-05,upper,0.8,0.6,0,-0.5737,0.0236
human-qc-dropped,plate21,flu-seqneut-2026-CTS-027,A/Montana/51/2025_H3N2,plate21-A/Montana/51/2025_H3N2,7.343e-05,upper,1.4e-06,7.343e-05,upper,0.8,0.6,0,-0.5867,0.01996
human-qc-dropped,plate21,flu-seqneut-2026-CTS-027,A/NakhonPhanom/P495/2026_H3N2,plate21-A/NakhonPhanom/P495/2026_H3N2,7.343e-05,upper,2.971e-06,7.343e-05,upper,0.8,0.6,0,-0.9279,0.0458
human-qc-dropped,plate21,flu-seqneut-2026-CTS-027,A/Navarra/260009/2025_H3N2,plate21-A/Navarra/260009/2025_H3N2,7.343e-05,upper,1.762e-06,7.343e-05,upper,0.8,1,0,-0.03626,0.02614
human-qc-dropped,plate21,flu-seqneut-2026-CTS-027,A/Netherlands/888/2026_H3N2,plate21-A/Netherlands/888/2026_H3N2,7.343e-05,upper,2.393e-06,7.343e-05,upper,0.8,0.6,0,-0.9383,0.02761
human-qc-dropped,plate21,flu-seqneut-2026-CTS-027,A/NewYork/NIRC-IS-1086/2026_H3N2,plate21-A/NewYork/NIRC-IS-1086/2026_H3N2,7.343e-05,upper,5.423e-06,7.343e-05,upper,0.8,0.6,0,-0.7264,0.09462
human-qc-dropped,plate21,flu-seqneut-2026-CTS-027,A/NordrheinWestfalen/54/2026_H3N2,plate21-A/NordrheinWestfalen/54/2026_H3N2,7.343e-05,upper,1.606e-06,7.343e-05,upper,0.8,0.6,0,-1.323,0.02863
human-qc-dropped,plate21,flu-seqneut-2026-CTS-027,A/NovaScotia/25-365-06099/2025_H3N2,plate21-A/NovaScotia/25-365-06099/2025_H3N2,7.343e-05,upper,1.07e-06,7.343e-05,upper,0.8,0.6,0,-1.344,0.022
human-qc-dropped,plate21,flu-seqneut-2026-CTS-027,A/Ontario/PHL202550193/2025_H3N2,plate21-A/Ontario/PHL202550193/2025_H3N2,7.343e-05,upper,5.672e-06,7.343e-05,upper,0.8,0.6,0,-0.6981,0.1461
human-qc-dropped,plate21,flu-seqneut-2026-CTS-027,A/Oregon/81/2025_H3N2,plate21-A/Oregon/81/2025_H3N2,7.343e-05,upper,3.215e-06,7.343e-05,upper,0.8,0.6,0,-0.5165,0.02572
human-qc-dropped,plate21,flu-seqneut-2026-CTS-027,A/Parana/416133590/2026_H3N2,plate21-A/Parana/416133590/2026_H3N2,7.343e-05,upper,1.304e-05,7.343e-05,upper,0.8,0.6,0,-0.5245,0.1081
human-qc-dropped,plate21,flu-seqneut-2026-CTS-027,A/Peru/ANC-INS-062/2026_H3N2,plate21-A/Peru/ANC-INS-062/2026_H3N2,7.343e-05,upper,1.787e-06,7.343e-05,upper,0.8,0.6,0,-0.5557,0.05901
human-qc-dropped,plate21,flu-seqneut-2026-CTS-027,A/RiodeJaneiro/331/2026_H3N2,plate21-A/RiodeJaneiro/331/2026_H3N2,7.343e-05,upper,3.143e-06,7.343e-05,upper,0.8,0.6,0,-0.648,0.1295
human-qc-dropped,plate21,flu-seqneut-2026-CTS-027,A/Romania/612042/2026_H3N2,plate21-A/Romania/612042/2026_H3N2,7.343e-05,upper,8.601e-06,7.343e-05,upper,0.8,0.6,0,-0.3162,0.05977
human-qc-dropped,plate21,flu-seqneut-2026-CTS-027,A/SantaCatarina/508/2026_H3N2,plate21-A/SantaCatarina/508/2026_H3N2,7.343e-05,upper,2.959e-06,7.343e-05,upper,0.8,0.6,0,-0.567,0.0471
human-qc-dropped,plate21,flu-seqneut-2026-CTS-027,A/Saskatchewan/SKFLU477727/2025_H3N2,plate21-A/Saskatchewan/SKFLU477727/2025_H3N2,7.343e-05,upper,4.964e-06,7.343e-05,upper,0.8,0.6,0,-0.7684,0.02676
human-qc-dropped,plate21,flu-seqneut-2026-CTS-027,A/Singapore/GP20238/2024_H3N2,plate21-A/Singapore/GP20238/2024_H3N2,7.343e-05,upper,2.065e-05,7.343e-05,upper,1.954,0.6,0,0.9958,0.001081
human-qc-dropped,plate21,flu-seqneut-2026-CTS-027,A/Singapore/NTF0577/2025_H3N2,plate21-A/Singapore/NTF0577/2025_H3N2,7.343e-05,upper,1.133e-05,7.343e-05,upper,0.8,0.6,0,-0.234,0.04273
human-qc-dropped,plate21,flu-seqneut-2026-CTS-027,A/Singapore/SAR8915/2025_H3N2,plate21-A/Singapore/SAR8915/2025_H3N2,7.343e-05,upper,3.742e-06,7.343e-05,upper,0.8,0.6,0,-0.09893,0.01797
human-qc-dropped,plate21,flu-seqneut-2026-CTS-027,A/SouthAustralia/2605715552/2026_H3N2,plate21-A/SouthAustralia/2605715552/2026_H3N2,7.343e-05,upper,1.123e-06,7.343e-05,upper,0.8,0.6,0,-0.1784,0.01307
human-qc-dropped,plate21,flu-seqneut-2026-CTS-027,A/SouthCarolina/USAFSAM-17046/2026_H3N2,plate21-A/SouthCarolina/USAFSAM-17046/2026_H3N2,7.343e-05,upper,7.077e-06,7.343e-05,upper,1.023,0.6,0,0.9845,0.002251
human-qc-dropped,plate21,flu-seqneut-2026-CTS-027,A/South_Australia/2523812314/2025_H3N2,plate21-A/South_Australia/2523812314/2025_H3N2,7.343e-05,upper,3.992e-06,7.343e-05,upper,0.8,0.6,0,0.7663,0.008418
human-qc-dropped,plate21,flu-seqneut-2026-CTS-027,A/South_Australia/2527213276/2025_H3N2,plate21-A/South_Australia/2527213276/2025_H3N2,7.343e-05,upper,1.927e-06,7.343e-05,upper,0.8,0.6,0,-0.02964,0.02337
human-qc-dropped,plate21,flu-seqneut-2026-CTS-027,A/StPetersburg/RII-25-2042S/2025_H3N2,plate21-A/StPetersburg/RII-25-2042S/2025_H3N2,7.343e-05,upper,3.701e-06,7.343e-05,upper,0.8,0.6,0,-0.4412,0.04781
human-qc-dropped,plate21,flu-seqneut-2026-CTS-027,A/StPetersburg/RII-25-2321S/2025_H3N2,plate21-A/StPetersburg/RII-25-2321S/2025_H3N2,7.343e-05,upper,3.899e-07,7.343e-05,upper,0.8,0.6,0,-0.7853,0.008989
human-qc-dropped,plate21,flu-seqneut-2026-CTS-027,A/StPetersburg/RII-25-2600S/2026_H3N2,plate21-A/StPetersburg/RII-25-2600S/2026_H3N2,7.343e-05,upper,2.738e-06,7.343e-05,upper,0.8,0.6,0,-0.6439,0.05006
human-qc-dropped,plate21,flu-seqneut-2026-CTS-027,A/Sydney/1359/2024_H3N2,plate21-A/Sydney/1359/2024_H3N2,7.343e-05,upper,1.424e-06,7.343e-05,upper,0.8,0.6,0,-1.01,0.02719
human-qc-dropped,plate21,flu-seqneut-2026-CTS-027,A/Thailand/8/2022_H3N2,plate21-A/Thailand/8/2022_H3N2,7.343e-05,upper,3.871e-06,7.343e-05,upper,0.8,0.6,0,-0.4914,0.06916
human-qc-dropped,plate21,flu-seqneut-2026-CTS-027,A/Thuringen/16/2026_H3N2,plate21-A/Thuringen/16/2026_H3N2,7.343e-05,upper,1.118e-06,7.343e-05,upper,0.8,0.6,0,-0.3357,0.01236
human-qc-dropped,plate21,flu-seqneut-2026-CTS-027,A/Thuringen/39/2026_H3N2,plate21-A/Thuringen/39/2026_H3N2,7.343e-05,upper,1.092e-05,7.343e-05,upper,0.8,0.6,0,0.06522,0.03793
human-qc-dropped,plate21,flu-seqneut-2026-CTS-027,A/Trieste/257/2025_H3N2,plate21-A/Trieste/257/2025_H3N2,7.343e-05,upper,2.974e-06,7.343e-05,upper,0.8,0.6,0,-0.538,0.07317
human-qc-dropped,plate21,flu-seqneut-2026-CTS-027,A/Uppsala/SE26-01293/2026_H1N1,plate21-A/Uppsala/SE26-01293/2026_H1N1,7.343e-05,upper,2.299e-05,7.343e-05,upper,0.8,0.6,0,-0.9485,0.1152
human-qc-dropped,plate21,flu-seqneut-2026-CTS-027,A/Victoria/2948/2025_H3N2,plate21-A/Victoria/2948/2025_H3N2,7.343e-05,upper,1.105e-05,7.343e-05,upper,0.8,0.6,0,-0.5791,0.1418
human-qc-dropped,plate21,flu-seqneut-2026-CTS-027,A/Victoria/4897/2022_IVR-238_H1N1,plate21-A/Victoria/4897/2022_IVR-238_H1N1,7.343e-05,upper,7.785e-06,7.343e-05,upper,0.8,0.6,0,0.7104,0.01517
human-qc-dropped,plate21,flu-seqneut-2026-CTS-027,A/Vietnam/F7324/2024_H3N2,plate21-A/Vietnam/F7324/2024_H3N2,7.343e-05,upper,2.923e-06,7.343e-05,upper,0.8,0.6,0,-0.3696,0.06142
human-qc-dropped,plate21,flu-seqneut-2026-CTS-027,A/Wisconsin/588/2019_H1N1,plate21-A/Wisconsin/588/2019_H1N1,7.343e-05,upper,1.957e-05,7.343e-05,upper,0.8,0.6,0,0.4316,0.04141
human-qc-dropped,plate21,flu-seqneut-2026-CTS-027,A/Zambia/7-NIC-313/2026_H1N1,plate21-A/Zambia/7-NIC-313/2026_H1N1,7.343e-05,upper,6.097e-06,7.343e-05,upper,0.8,0.6,0,-0.5311,0.1089
human-qc-dropped,plate21,flu-seqneut-2026-CTS-028,A/Andalucia/PMC-00977/2025_H1N1,plate21-A/Andalucia/PMC-00977/2025_H1N1,0.004208,interpolated,0.004572,0.004572,interpolated,10,0.7179,0,0.5352,0.287
human-qc-dropped,plate21,flu-seqneut-2026-CTS-028,A/Andalucia/PMC-01217/2025_H1N1,plate21-A/Andalucia/PMC-01217/2025_H1N1,0.004214,interpolated,0.004457,0.004457,interpolated,10,0.7858,0,0.8091,0.165
human-qc-dropped,plate21,flu-seqneut-2026-CTS-028,A/Arizona/40/2026_H1N1,plate21-A/Arizona/40/2026_H1N1,0.003857,interpolated,0.004324,0.004324,interpolated,10,0.6594,0,0.5315,0.2705
human-qc-dropped,plate21,flu-seqneut-2026-CTS-028,A/Badajoz/18811358/2026_H3N2,plate21-A/Badajoz/18811358/2026_H3N2,0.004618,interpolated,0.004971,0.004971,interpolated,10,0.7395,0,0.572,0.2572
human-qc-dropped,plate21,flu-seqneut-2026-CTS-028,A/Blaenavon/6687/2026_H3N2,plate21-A/Blaenavon/6687/2026_H3N2,0.000706,interpolated,0.0007839,0.0007839,interpolated,10,0.6754,0,0.5014,0.2857
human-qc-dropped,plate21,flu-seqneut-2026-CTS-028,A/BritishColumbia/RV05508-25/2025_H1N1,plate21-A/BritishColumbia/RV05508-25/2025_H1N1,0.004779,interpolated,0.00519,0.00519,interpolated,10,0.7193,0,0.5153,0.2911
human-qc-dropped,plate21,flu-seqneut-2026-CTS-028,A/California/NIRC-IS-1019/2026_H1N1,plate21-A/California/NIRC-IS-1019/2026_H1N1,0.004613,interpolated,0.005004,0.005004,interpolated,10,0.7215,0,0.5108,0.2912
human-qc-dropped,plate21,flu-seqneut-2026-CTS-028,A/Colorado/218/2024_H1N1,plate21-A/Colorado/218/2024_H1N1,0.004123,interpolated,0.004591,0.004591,interpolated,10,0.6704,0,0.5064,0.2787
human-qc-dropped,plate21,flu-seqneut-2026-CTS-028,A/France/ARA-HCL025195259501/2025_H1N1,plate21-A/France/ARA-HCL025195259501/2025_H1N1,0.004261,interpolated,0.004735,0.004735,interpolated,10,0.674,0,0.5022,0.2827
human-qc-dropped,plate21,flu-seqneut-2026-CTS-028,A/France/GES-IPP00659/2026_H1N1,plate21-A/France/GES-IPP00659/2026_H1N1,0.004181,interpolated,0.004589,0.004589,interpolated,10,0.6972,0,0.5012,0.2984
human-qc-dropped,plate21,flu-seqneut-2026-CTS-028,A/Galicia/GA-CHUAC-612/2025_H1N1,plate21-A/Galicia/GA-CHUAC-612/2025_H1N1,0.004251,interpolated,0.004554,0.004554,interpolated,10,0.7507,0,0.6044,0.259
human-qc-dropped,plate21,flu-seqneut-2026-CTS-028,A/Hawaii/70/2019_H1N1,plate21-A/Hawaii/70/2019_H1N1,0.002576,interpolated,0.003888,0.003888,interpolated,2.093,0.7113,0,0.6149,0.2243
human-qc-dropped,plate21,flu-seqneut-2026-CTS-028,A/Hawaii/ISC-1140/2025_H1N1,plate21-A/Hawaii/ISC-1140/2025_H1N1,0.002778,interpolated,0.004194,0.004194,interpolated,3.908,0.6,0,0.566,0.2198
human-qc-dropped,plate21,flu-seqneut-2026-CTS-028,A/Kentucky/80/2025_H1N1,plate21-A/Kentucky/80/2025_H1N1,0.005602,interpolated,0.006437,0.006437,interpolated,5.107,0.7459,0,0.5455,0.2766
human-qc-dropped,plate21,flu-seqneut-2026-CTS-028,A/Maine/25/2026_H1N1,plate21-A/Maine/25/2026_H1N1,0.00422,interpolated,0.004563,0.004563,interpolated,10,0.7291,0,0.5461,0.2853
human-qc-dropped,plate21,flu-seqneut-2026-CTS-028,A/Malaysia/IMR/SARI/2406/2025_H3N2,plate21-A/Malaysia/IMR/SARI/2406/2025_H3N2,0.00465,interpolated,0.004996,0.004996,interpolated,10,0.744,0,0.5291,0.2951
human-qc-dropped,plate21,flu-seqneut-2026-CTS-028,A/Mississippi/20/2026_H1N1,plate21-A/Mississippi/20/2026_H1N1,0.004031,interpolated,0.004452,0.004452,interpolated,10,0.6852,0,0.5123,0.2975
human-qc-dropped,plate21,flu-seqneut-2026-CTS-028,A/Missouri/11/2025_cell_H1N1,plate21-A/Missouri/11/2025_cell_H1N1,0.004165,interpolated,0.004413,0.004413,interpolated,10,0.7808,0,0.6777,0.2341
human-qc-dropped,plate21,flu-seqneut-2026-CTS-028,A/Missouri/11/2025_egg_H1N1,plate21-A/Missouri/11/2025_egg_H1N1,7.343e-05,upper,9.237e-05,9.237e-05,interpolated,0.8,0.6,0,0.3096,0.138
human-qc-dropped,plate21,flu-seqneut-2026-CTS-028,A/Netherlands/2398/2025_H1N1,plate21-A/Netherlands/2398/2025_H1N1,0.007574,interpolated,0.008276,0.008276,interpolated,8.192,0.7419,0,0.538,0.2795
human-qc-dropped,plate21,flu-seqneut-2026-CTS-028,A/NewBrunswick/NBPHLFLUA10B-MM00057R/2026_H1N1,plate21-A/NewBrunswick/NBPHLFLUA10B-MM00057R/2026_H1N1,0.004246,interpolated,0.004655,0.004655,interpolated,10,0.6993,0,0.5505,0.2683
human-qc-dropped,plate21,flu-seqneut-2026-CTS-028,A/Norway/9556/2025_H1N1,plate21-A/Norway/9556/2025_H1N1,0.004957,interpolated,0.005301,0.005301,interpolated,10,0.7554,0,0.6239,0.2448
human-qc-dropped,plate21,flu-seqneut-2026-CTS-028,A/Ohio/259/2024_H1N1,plate21-A/Ohio/259/2024_H1N1,0.002768,interpolated,0.004003,0.004003,interpolated,2.815,0.677,0,0.5457,0.2585
human-qc-dropped,plate21,flu-seqneut-2026-CTS-028,A/PaisVasco/70369726/2026_H1N1,plate21-A/PaisVasco/70369726/2026_H1N1,0.004011,interpolated,0.004488,0.004488,interpolated,10,0.6628,0,0.5463,0.2609
human-qc-dropped,plate21,flu-seqneut-2026-CTS-028,A/Saskatchewan/SKFLU490586/2026_H1N1,plate21-A/Saskatchewan/SKFLU490586/2026_H1N1,0.003922,interpolated,0.004336,0.004336,interpolated,10,0.6832,0,0.5325,0.28
human-qc-dropped,plate21,flu-seqneut-2026-CTS-028,A/Singapore/KK2768/2025_H1N1,plate21-A/Singapore/KK2768/2025_H1N1,0.00437,interpolated,0.004617,0.004617,interpolated,10,0.7888,0,0.6075,0.2718
human-qc-dropped,plate21,flu-seqneut-2026-CTS-028,A/Singapore/MOH0547/2024_H1N1,plate21-A/Singapore/MOH0547/2024_H1N1,0.003776,interpolated,0.00412,0.00412,interpolated,10,0.7089,0,0.543,0.293
human-qc-dropped,plate21,flu-seqneut-2026-CTS-028,A/SouthAfrica/NHLS-SU-CERI-C075557/2026_H1N1,plate21-A/SouthAfrica/NHLS-SU-CERI-C075557/2026_H1N1,0.004557,interpolated,0.004956,0.004956,interpolated,10,0.716,0,0.5306,0.2801
human-qc-dropped,plate21,flu-seqneut-2026-CTS-028,A/SouthAfrica/NICD-R01647/2026_H1N1,plate21-A/SouthAfrica/NICD-R01647/2026_H1N1,0.004035,interpolated,0.004548,0.004548,interpolated,10,0.651,0,0.5268,0.2662
human-qc-dropped,plate21,flu-seqneut-2026-CTS-028,A/SouthAfrica/NICD-R01668/2026_H1N1,plate21-A/SouthAfrica/NICD-R01668/2026_H1N1,0.001825,interpolated,0.003143,0.003143,interpolated,1.986,0.67,0,0.53,0.2569
human-qc-dropped,plate21,flu-seqneut-2026-CTS-028,A/SouthAfrica/PATH-CERI-C073358/2025_H1N1,plate21-A/SouthAfrica/PATH-CERI-C073358/2025_H1N1,0.003916,interpolated,0.004299,0.004299,interpolated,10,0.6969,0,0.5644,0.2669
human-qc-dropped,plate21,flu-seqneut-2026-CTS-028,A/SouthAfrica/PATH-CERI-C073366/2025_H1N1,plate21-A/SouthAfrica/PATH-CERI-C073366/2025_H1N1,0.003007,interpolated,0.004781,0.004781,interpolated,2.327,0.67,0,0.542,0.2459
human-qc-dropped,plate21,flu-seqneut-2026-CTS-028,A/Switzerland/UN-SNRCI-HUG-053/2025_H1N1,plate21-A/Switzerland/UN-SNRCI-HUG-053/2025_H1N1,0.00407,interpolated,0.004488,0.004488,interpolated,10,0.6881,0,0.5043,0.2963
human-qc-dropped,plate21,flu-seqneut-2026-CTS-028,A/Texas/29/2026_H1N1,plate21-A/Texas/29/2026_H1N1,0.004165,interpolated,0.004604,0.004604,interpolated,10,0.6832,0,0.5168,0.2819
human-qc-dropped,plate21,flu-seqneut-2026-CTS-028,A/Tokyo/EIS11-277/2024_H1N1,plate21-A/Tokyo/EIS11-277/2024_H1N1,0.003831,interpolated,0.00439,0.00439,interpolated,10,0.6281,0,0.5035,0.274
human-qc-dropped,plate21,flu-seqneut-2026-CTS-028,A/Trieste/380/2026_H3N2,plate21-A/Trieste/380/2026_H3N2,0.008141,interpolated,0.00868,0.00868,interpolated,10,0.7632,0,0.5065,0.3037
human-qc-dropped,plate21,flu-seqneut-2026-CTS-028,A/Ukraine/5214/2026_H1N1,plate21-A/Ukraine/5214/2026_H1N1,0.002817,interpolated,0.004207,0.004207,interpolated,1.739,0.7488,0,0.621,0.2254
human-qc-dropped,plate21,flu-seqneut-2026-CTS-028,A/Uppsala/SE26-01293/2026_H1N1,plate21-A/Uppsala/SE26-01293/2026_H1N1,0.003527,interpolated,0.003837,0.003837,interpolated,10,0.7149,0,0.5691,0.2844
human-qc-dropped,plate21,flu-seqneut-2026-CTS-028,A/Victoria/4897/2022_IVR-238_H1N1,plate21-A/Victoria/4897/2022_IVR-238_H1N1,0.000718,interpolated,0.000787,0.000787,interpolated,10,0.6997,0,0.6243,0.2458
human-qc-dropped,plate21,flu-seqneut-2026-CTS-028,A/Vietnam/PF125413/2025_H1N1,plate21-A/Vietnam/PF125413/2025_H1N1,0.003807,interpolated,0.004313,0.004313,interpolated,10,0.6437,0,0.5178,0.2748
human-qc-dropped,plate21,flu-seqneut-2026-CTS-028,A/Wisconsin/67/2022_H1N1,plate21-A/Wisconsin/67/2022_H1N1,0.001417,interpolated,0.002607,0.002607,interpolated,1.486,0.702,0,0.5255,0.2437
human-qc-dropped,plate21,flu-seqneut-2026-CTS-028,A/Zambia/6-NIC-014/2026_H1N1,plate21-A/Zambia/6-NIC-014/2026_H1N1,0.004214,interpolated,0.004623,0.004623,interpolated,10,0.6983,0,0.5134,0.2914
human-qc-dropped,plate21,flu-seqneut-2026-CTS-029,A/California/NIRC-IS-1059/2026_H3N2,plate21-A/California/NIRC-IS-1059/2026_H3N2,0.001623,interpolated,0.00222,0.00222,interpolated,3.192,0.684,0,0.5217,0.2818
human-qc-dropped,plate21,flu-seqneut-2026-CTS-029,A/Colorado/218/2024_H1N1,plate21-A/Colorado/218/2024_H1N1,0.004643,interpolated,0.005038,0.005038,interpolated,10,0.7209,0,0.5024,0.2938
human-qc-dropped,plate21,flu-seqneut-2026-CTS-029,A/District_Of_Columbia/27/2023_H3N2,plate21-A/District_Of_Columbia/27/2023_H3N2,0.001956,interpolated,0.002726,0.002726,interpolated,4.847,0.6,0,0.5259,0.2388
human-qc-dropped,plate21,flu-seqneut-2026-CTS-029,A/Missouri/11/2025_cell_H1N1,plate21-A/Missouri/11/2025_cell_H1N1,0.004041,interpolated,0.004447,0.004447,interpolated,10,0.6917,0,0.5463,0.2578
human-qc-dropped,plate21,flu-seqneut-2026-CTS-029,A/Netherlands/543/2026_H1N1,plate21-A/Netherlands/543/2026_H1N1,0.007473,interpolated,0.008246,0.008246,interpolated,7.408,0.7411,0,0.5716,0.2514
human-qc-dropped,plate21,flu-seqneut-2026-CTS-029,A/Norway/9556/2025_H1N1,plate21-A/Norway/9556/2025_H1N1,0.005749,interpolated,0.006644,0.006644,interpolated,4.76,0.7512,0,0.5222,0.2847
human-qc-dropped,plate21,flu-seqneut-2026-CTS-029,A/Ohio/259/2024_H1N1,plate21-A/Ohio/259/2024_H1N1,0.005686,interpolated,0.007102,0.007102,interpolated,3.761,0.7165,0,0.5081,0.2554
human-qc-dropped,plate21,flu-seqneut-2026-CTS-029,A/Tokyo/EIS11-277/2024_H1N1,plate21-A/Tokyo/EIS11-277/2024_H1N1,0.005233,interpolated,0.00671,0.00671,interpolated,4.057,0.6823,0,0.5029,0.2654
human-qc-dropped,plate21,flu-seqneut-2026-CTS-029,A/Wisconsin/588/2019_H1N1,plate21-A/Wisconsin/588/2019_H1N1,0.000975,interpolated,0.001414,0.001414,interpolated,2.988,0.6646,0,0.5294,0.2784
human-qc-dropped,plate21,flu-seqneut-2026-CTS-029,A/Wisconsin/67/2022_H1N1,plate21-A/Wisconsin/67/2022_H1N1,0.00263,interpolated,0.00397,0.00397,interpolated,2.024,0.7174,0,0.5454,0.2393
human-qc-dropped,plate21,flu-seqneut-2026-CTS-031,A/Andalucia/PMC-01217/2025_H1N1,plate21-A/Andalucia/PMC-01217/2025_H1N1,0.008001,interpolated,0.008617,0.008617,interpolated,9.441,0.7484,0,0.522,0.3043
human-qc-dropped,plate21,flu-seqneut-2026-CTS-031,A/Andalucia/PMC-01495/2025_H1N1,plate21-A/Andalucia/PMC-01495/2025_H1N1,0.007703,interpolated,0.008304,0.008304,interpolated,9.983,0.736,0,0.5251,0.3036
human-qc-dropped,plate21,flu-seqneut-2026-CTS-031,A/Arizona/40/2026_H1N1,plate21-A/Arizona/40/2026_H1N1,0.006568,interpolated,0.007094,0.007094,interpolated,10,0.7315,0,0.5412,0.3005
human-qc-dropped,plate21,flu-seqneut-2026-CTS-031,A/BritishColumbia/RV00022-26/2025_H1N1,plate21-A/BritishColumbia/RV00022-26/2025_H1N1,0.007492,interpolated,0.008111,0.008111,interpolated,10,0.7259,0,0.5349,0.2973
human-qc-dropped,plate21,flu-seqneut-2026-CTS-031,A/BritishColumbia/RV01350-26/2026_H1N1,plate21-A/BritishColumbia/RV01350-26/2026_H1N1,0.007269,interpolated,0.007902,0.007902,interpolated,10,0.7169,0,0.5208,0.2998
human-qc-dropped,plate21,flu-seqneut-2026-CTS-031,A/California/NIRC-IS-1356/2025_H1N1,plate21-A/California/NIRC-IS-1356/2025_H1N1,0.007625,interpolated,0.008329,0.008329,interpolated,9.482,0.7165,0,0.5004,0.3039
human-qc-dropped,plate21,flu-seqneut-2026-CTS-031,A/Darwin/1454/2025_H3N2,plate21-A/Darwin/1454/2025_H3N2,0.0007181,interpolated,0.0007921,0.0007921,interpolated,10,0.6875,0,0.5161,0.2943
human-qc-dropped,plate21,flu-seqneut-2026-CTS-031,A/District_Of_Columbia/27/2023_H3N2,plate21-A/District_Of_Columbia/27/2023_H3N2,0.0007482,interpolated,0.0008328,0.0008328,interpolated,10,0.6712,0,0.5062,0.3031
human-qc-dropped,plate21,flu-seqneut-2026-CTS-031,A/France/ARA-HCL026031894402/2026_H3N2,plate21-A/France/ARA-HCL026031894402/2026_H3N2,0.001238,interpolated,0.001642,0.001642,interpolated,5.701,0.6,0,0.5052,0.271
human-qc-dropped,plate21,flu-seqneut-2026-CTS-031,A/France/NAQ-HCL026046169102/2025_H1N1,plate21-A/France/NAQ-HCL026046169102/2025_H1N1,0.007905,interpolated,0.008326,0.008326,interpolated,9.856,0.8,0,0.5102,0.3381
human-qc-dropped,plate21,flu-seqneut-2026-CTS-031,A/France/OCC-HCL026013263701/2026_H3N2,plate21-A/France/OCC-HCL026013263701/2026_H3N2,0.005913,interpolated,0.006626,0.006626,interpolated,10,0.66,0,0.5187,0.2852
human-qc-dropped,plate21,flu-seqneut-2026-CTS-031,A/Galicia/GA-CHUAC-612/2025_H1N1,plate21-A/Galicia/GA-CHUAC-612/2025_H1N1,0.007728,interpolated,0.008279,0.008279,interpolated,9.971,0.7517,0,0.5449,0.2969
human-qc-dropped,plate21,flu-seqneut-2026-CTS-031,A/Hawaii/ISC-1140/2025_H1N1,plate21-A/Hawaii/ISC-1140/2025_H1N1,0.00733,interpolated,0.008064,0.008064,interpolated,9.989,0.6928,0,0.5082,0.2994
human-qc-dropped,plate21,flu-seqneut-2026-CTS-031,A/Lisboa/216/2023_H3N2,plate21-A/Lisboa/216/2023_H3N2,0.0007023,interpolated,0.0008249,0.0008249,interpolated,10,0.6,0,0.5669,0.2022
human-qc-dropped,plate21,flu-seqneut-2026-CTS-031,A/Massachusetts/18/2022_H3N2,plate21-A/Massachusetts/18/2022_H3N2,0.0006246,interpolated,0.0007275,0.0007275,interpolated,10,0.6089,0,0.5061,0.2663
human-qc-dropped,plate21,flu-seqneut-2026-CTS-031,A/Mauritius/26000203/2026_H1N1,plate21-A/Mauritius/26000203/2026_H1N1,0.006885,interpolated,0.00747,0.00747,interpolated,10,0.7211,0,0.5171,0.3091
human-qc-dropped,plate21,flu-seqneut-2026-CTS-031,A/Missouri/11/2025_cell_H1N1,plate21-A/Missouri/11/2025_cell_H1N1,0.00747,interpolated,0.007842,0.007842,interpolated,10,0.8077,0,0.5453,0.3251
human-qc-dropped,plate21,flu-seqneut-2026-CTS-031,A/Netherlands/2398/2025_H1N1,plate21-A/Netherlands/2398/2025_H1N1,0.008019,interpolated,0.0086,0.0086,interpolated,8.951,0.7671,0,0.5596,0.2874
human-qc-dropped,plate21,flu-seqneut-2026-CTS-031,A/Netherlands/543/2026_H1N1,plate21-A/Netherlands/543/2026_H1N1,0.007793,interpolated,0.008336,0.008336,interpolated,10,0.755,0,0.5291,0.3104
human-qc-dropped,plate21,flu-seqneut-2026-CTS-031,A/Saskatchewan/SKFLU490586/2026_H1N1,plate21-A/Saskatchewan/SKFLU490586/2026_H1N1,0.00727,interpolated,0.007901,0.007901,interpolated,9.997,0.7176,0,0.5171,0.3069
human-qc-dropped,plate21,flu-seqneut-2026-CTS-031,A/Singapore/GP20238/2024_H3N2,plate21-A/Singapore/GP20238/2024_H3N2,0.0005227,interpolated,0.0006652,0.0006652,interpolated,5.333,0.6382,0,0.5315,0.2902
human-qc-dropped,plate21,flu-seqneut-2026-CTS-031,A/Singapore/KK2768/2025_H1N1,plate21-A/Singapore/KK2768/2025_H1N1,0.007471,interpolated,0.007951,0.007951,interpolated,9.997,0.7683,0,0.5341,0.3171
human-qc-dropped,plate21,flu-seqneut-2026-CTS-031,A/SouthAfrica/NHLS-SU-CERI-C075557/2026_H1N1,plate21-A/SouthAfrica/NHLS-SU-CERI-C075557/2026_H1N1,0.007475,interpolated,0.008125,0.008125,interpolated,9.996,0.7171,0,0.503,0.3129
human-qc-dropped,plate21,flu-seqneut-2026-CTS-031,A/SouthAfrica/PATH-CERI-C073366/2025_H1N1,plate21-A/SouthAfrica/PATH-CERI-C073366/2025_H1N1,0.007594,interpolated,0.008104,0.008104,interpolated,9.993,0.761,0,0.5673,0.291
human-qc-dropped,plate21,flu-seqneut-2026-CTS-031,A/SouthAfrica/PATH-CERI-C075119/2026_H1N1,plate21-A/SouthAfrica/PATH-CERI-C075119/2026_H1N1,0.007326,interpolated,0.007889,0.007889,interpolated,10,0.7384,0,0.5726,0.2812
human-qc-dropped,plate21,flu-seqneut-2026-CTS-031,A/SouthCarolina/USAFSAM-17046/2026_H3N2,plate21-A/SouthCarolina/USAFSAM-17046/2026_H3N2,0.0006988,interpolated,0.0007713,0.0007713,interpolated,10,0.6864,0,0.5042,0.2976
human-qc-dropped,plate21,flu-seqneut-2026-CTS-031,A/Switzerland/UN-SNRCI-HUG-053/2025_H1N1,plate21-A/Switzerland/UN-SNRCI-HUG-053/2025_H1N1,0.007443,interpolated,0.008074,0.008074,interpolated,9.996,0.7219,0,0.5181,0.3065
human-qc-dropped,plate21,flu-seqneut-2026-CTS-031,A/Sydney/1359/2024_H3N2,plate21-A/Sydney/1359/2024_H3N2,0.0006386,interpolated,0.0007325,0.0007325,interpolated,10,0.6269,0,0.5046,0.2928
human-qc-dropped,plate21,flu-seqneut-2026-CTS-031,A/Tokyo/EIS11-277/2024_H1N1,plate21-A/Tokyo/EIS11-277/2024_H1N1,0.007485,interpolated,0.008128,0.008128,interpolated,9.999,0.7194,0,0.5025,0.3141
human-qc-dropped,plate21,flu-seqneut-2026-CTS-031,A/Ukraine/5214/2026_H1N1,plate21-A/Ukraine/5214/2026_H1N1,0.007506,interpolated,0.008094,0.008094,interpolated,10,0.7352,0,0.5659,0.2808
human-qc-dropped,plate21,flu-seqneut-2026-CTS-031,A/Uppsala/SE26-01293/2026_H1N1,plate21-A/Uppsala/SE26-01293/2026_H1N1,0.00677,interpolated,0.007377,0.007377,interpolated,10,0.7118,0,0.5205,0.3035
human-qc-dropped,plate21,flu-seqneut-2026-CTS-031,A/Vietnam/F7324/2024_H3N2,plate21-A/Vietnam/F7324/2024_H3N2,0.0005943,interpolated,0.0006855,0.0006855,interpolated,10,0.6198,0,0.5188,0.2882
human-qc-dropped,plate21,flu-seqneut-2026-CTS-031,A/Wisconsin/67/2022_H1N1,plate21-A/Wisconsin/67/2022_H1N1,0.002834,interpolated,0.003603,0.003603,interpolated,3.034,0.7414,0,0.6238,0.244
human-qc-dropped,plate21,flu-seqneut-2026-CTS-032,A/Andalucia/PMC-00977/2025_H1N1,plate21-A/Andalucia/PMC-00977/2025_H1N1,0.001023,interpolated,0.001023,0.001023,interpolated,1.683,1,0,0.9101,0.1224
human-qc-dropped,plate21,flu-seqneut-2026-CTS-032,A/Andalucia/PMC-01217/2025_H1N1,plate21-A/Andalucia/PMC-01217/2025_H1N1,0.0009436,interpolated,0.0009436,0.0009436,interpolated,1.687,1,0,0.8674,0.1511
human-qc-dropped,plate21,flu-seqneut-2026-CTS-032,A/Andalucia/PMC-01495/2025_H1N1,plate21-A/Andalucia/PMC-01495/2025_H1N1,0.001028,interpolated,0.001028,0.001028,interpolated,1.547,1,0,0.8995,0.125
human-qc-dropped,plate21,flu-seqneut-2026-CTS-032,A/Arizona/40/2026_H1N1,plate21-A/Arizona/40/2026_H1N1,0.001008,interpolated,0.001008,0.001008,interpolated,1.909,1,0,0.9505,0.091
human-qc-dropped,plate21,flu-seqneut-2026-CTS-032,A/Astrakhan/RII-MH273373S/2025_H3N2,plate21-A/Astrakhan/RII-MH273373S/2025_H3N2,0.0007289,interpolated,0.0007289,0.0007289,interpolated,8.235,1,0,0.9805,0.0595
human-qc-dropped,plate21,flu-seqneut-2026-CTS-032,A/Asturias/232590913/2025_H1N1,plate21-A/Asturias/232590913/2025_H1N1,0.0007295,interpolated,0.0007295,0.0007295,interpolated,5.291,1,0,0.935,0.1056
human-qc-dropped,plate21,flu-seqneut-2026-CTS-032,A/Badajoz/18738342/2026_H3N2,plate21-A/Badajoz/18738342/2026_H3N2,0.0007238,interpolated,0.0007238,0.0007238,interpolated,5.566,1,0,0.9248,0.1136
human-qc-dropped,plate21,flu-seqneut-2026-CTS-032,A/Badajoz/18811358/2026_H3N2,plate21-A/Badajoz/18811358/2026_H3N2,0.000713,interpolated,0.000713,0.000713,interpolated,1.348,1,0,0.9134,0.1035
human-qc-dropped,plate21,flu-seqneut-2026-CTS-032,A/Badajoz/18813527/2026_H3N2,plate21-A/Badajoz/18813527/2026_H3N2,0.0007378,interpolated,0.0007378,0.0007378,interpolated,5.231,1,0,0.9541,0.08952
human-qc-dropped,plate21,flu-seqneut-2026-CTS-032,A/Bangkok/P2390/2025_H3N2,plate21-A/Bangkok/P2390/2025_H3N2,0.0006889,interpolated,0.0006889,0.0006889,interpolated,2.322,1,0,0.9131,0.1136
human-qc-dropped,plate21,flu-seqneut-2026-CTS-032,A/Bangkok/P2391/2025_H3N2,plate21-A/Bangkok/P2391/2025_H3N2,0.004304,interpolated,0.004682,0.004682,interpolated,10,0.7154,0,0.596,0.2496
human-qc-dropped,plate21,flu-seqneut-2026-CTS-032,A/Blaenavon/6687/2026_H3N2,plate21-A/Blaenavon/6687/2026_H3N2,0.003904,interpolated,0.00406,0.00406,interpolated,10,0.8379,0,0.767,0.2127
human-qc-dropped,plate21,flu-seqneut-2026-CTS-032,A/Bolivia/OR5702/2025_H3N2,plate21-A/Bolivia/OR5702/2025_H3N2,0.00407,interpolated,0.004252,0.004252,interpolated,10,0.8227,0,0.7109,0.233
human-qc-dropped,plate21,flu-seqneut-2026-CTS-032,A/BritishColumbia/RV00022-26/2025_H1N1,plate21-A/BritishColumbia/RV00022-26/2025_H1N1,0.001456,interpolated,0.001456,0.001456,interpolated,1.347,1,0,0.8185,0.1787
human-qc-dropped,plate21,flu-seqneut-2026-CTS-032,A/BritishColumbia/RV00279-26/2025_H3N2,plate21-A/BritishColumbia/RV00279-26/2025_H3N2,0.0007102,interpolated,0.0007102,0.0007102,interpolated,5.823,1,0,0.87,0.1497
human-qc-dropped,plate21,flu-seqneut-2026-CTS-032,A/BritishColumbia/RV01350-26/2026_H1N1,plate21-A/BritishColumbia/RV01350-26/2026_H1N1,0.00134,interpolated,0.00134,0.00134,interpolated,1.282,1,0,0.7731,0.2013
human-qc-dropped,plate21,flu-seqneut-2026-CTS-032,A/BritishColumbia/RV05508-25/2025_H1N1,plate21-A/BritishColumbia/RV05508-25/2025_H1N1,0.004135,interpolated,0.004275,0.004275,interpolated,10,0.858,0,0.8688,0.1516
human-qc-dropped,plate21,flu-seqneut-2026-CTS-032,A/California/GKISBBBH79910/2026_H3N2,plate21-A/California/GKISBBBH79910/2026_H3N2,0.001573,interpolated,0.001573,0.001573,interpolated,1.114,1,0,0.6179,0.2771
human-qc-dropped,plate21,flu-seqneut-2026-CTS-032,A/California/NIRC-IS-1019/2026_H1N1,plate21-A/California/NIRC-IS-1019/2026_H1N1,0.001636,interpolated,0.001636,0.001636,interpolated,1.253,1,0,0.7406,0.2196
human-qc-dropped,plate21,flu-seqneut-2026-CTS-032,A/California/NIRC-IS-1059/2026_H3N2,plate21-A/California/NIRC-IS-1059/2026_H3N2,0.001318,interpolated,0.001318,0.001318,interpolated,1.163,1,0,0.8354,0.1557
human-qc-dropped,plate21,flu-seqneut-2026-CTS-032,A/California/NIRC-IS-1067/2026_H3N2,plate21-A/California/NIRC-IS-1067/2026_H3N2,0.0007348,interpolated,0.0007348,0.0007348,interpolated,1.138,1,0,0.828,0.1461
human-qc-dropped,plate21,flu-seqneut-2026-CTS-032,A/California/NIRC-IS-1356/2025_H1N1,plate21-A/California/NIRC-IS-1356/2025_H1N1,0.004062,interpolated,0.004177,0.004177,interpolated,10,0.8778,0,0.8497,0.1636
human-qc-dropped,plate21,flu-seqneut-2026-CTS-032,A/Castellon/VAHNSI_02_02400/2025_H3N2,plate21-A/Castellon/VAHNSI_02_02400/2025_H3N2,0.0008094,interpolated,0.0008094,0.0008094,interpolated,2.095,1,0,0.8821,0.1415
human-qc-dropped,plate21,flu-seqneut-2026-CTS-032,A/Colombia/1851/2024_H3N2,plate21-A/Colombia/1851/2024_H3N2,0.001342,interpolated,0.001342,0.001342,interpolated,1.144,1,0,0.6997,0.2317
human-qc-dropped,plate21,flu-seqneut-2026-CTS-032,A/Colorado/218/2024_H1N1,plate21-A/Colorado/218/2024_H1N1,0.001557,interpolated,0.001557,0.001557,interpolated,7.121,1,0,0.9998,0.006296
human-qc-dropped,plate21,flu-seqneut-2026-CTS-032,A/Connecticut/5/2026_H3N2,plate21-A/Connecticut/5/2026_H3N2,0.00169,interpolated,0.00169,0.00169,interpolated,1.075,1,0,0.7217,0.2119
human-qc-dropped,plate21,flu-seqneut-2026-CTS-032,A/Croatia/10136RV/2023_H3N2,plate21-A/Croatia/10136RV/2023_H3N2,0.0003761,interpolated,0.0003761,0.0003761,interpolated,3.211,1,0,0.9364,0.08329
human-qc-dropped,plate21,flu-seqneut-2026-CTS-032,A/Darwin/1415/2025_H3N2,plate21-A/Darwin/1415/2025_H3N2,0.0007116,interpolated,0.0007116,0.0007116,interpolated,6.689,1,0,0.9031,0.1309
human-qc-dropped,plate21,flu-seqneut-2026-CTS-032,A/Darwin/1454/2025_H3N2,plate21-A/Darwin/1454/2025_H3N2,0.0007395,interpolated,0.0007395,0.0007395,interpolated,9.306,1,0,0.9948,0.03135
human-qc-dropped,plate21,flu-seqneut-2026-CTS-032,A/Denmark/3940/2025_H3N2,plate21-A/Denmark/3940/2025_H3N2,0.001095,interpolated,0.001095,0.001095,interpolated,1.226,1,0,0.8064,0.1738
human-qc-dropped,plate21,flu-seqneut-2026-CTS-032,A/Denmark/4547/2025_H1N1,plate21-A/Denmark/4547/2025_H1N1,0.001923,interpolated,0.001923,0.001923,interpolated,1.254,1,0,0.704,0.24
human-qc-dropped,plate21,flu-seqneut-2026-CTS-032,A/Denmark/4774/2025_H1N1,plate21-A/Denmark/4774/2025_H1N1,0.002468,interpolated,0.002468,0.002468,interpolated,0.8485,1,0,0.659,0.2124
human-qc-dropped,plate21,flu-seqneut-2026-CTS-032,A/District_Of_Columbia/27/2023_H3N2,plate21-A/District_Of_Columbia/27/2023_H3N2,0.003458,interpolated,0.003723,0.003723,interpolated,10,0.7388,0,0.6804,0.2445
human-qc-dropped,plate21,flu-seqneut-2026-CTS-032,A/Distrito_Federal/250106000728/2025_H3N2,plate21-A/Distrito_Federal/250106000728/2025_H3N2,0.003635,interpolated,0.003931,0.003931,interpolated,10,0.7282,0,0.673,0.24
human-qc-dropped,plate21,flu-seqneut-2026-CTS-032,A/England/1893256/2026_H1N1,plate21-A/England/1893256/2026_H1N1,0.0008996,interpolated,0.0008996,0.0008996,interpolated,1.595,1,0,0.8745,0.1421
human-qc-dropped,plate21,flu-seqneut-2026-CTS-032,A/Florida/ISC-1069/2026_H3N2,plate21-A/Florida/ISC-1069/2026_H3N2,0.0006672,interpolated,0.0006672,0.0006672,interpolated,4.48,1,0,0.8882,0.1334
human-qc-dropped,plate21,flu-seqneut-2026-CTS-032,A/France/ARA-HCL025195259501/2025_H1N1,plate21-A/France/ARA-HCL025195259501/2025_H1N1,0.001123,interpolated,0.001123,0.001123,interpolated,1.384,1,0,0.8238,0.1728
human-qc-dropped,plate21,flu-seqneut-2026-CTS-032,A/France/ARA-HCL026031894402/2026_H3N2,plate21-A/France/ARA-HCL026031894402/2026_H3N2,0.001411,interpolated,0.001411,0.001411,interpolated,1.014,1,0,0.5925,0.2777
human-qc-dropped,plate21,flu-seqneut-2026-CTS-032,A/France/GES-IPP00659/2026_H1N1,plate21-A/France/GES-IPP00659/2026_H1N1,0.003968,interpolated,0.004069,0.004069,interpolated,10,0.8883,0,0.8883,0.1466
human-qc-dropped,plate21,flu-seqneut-2026-CTS-032,A/France/GES-IPP01077/2026_H3N2,plate21-A/France/GES-IPP01077/2026_H3N2,0.00071,interpolated,0.00071,0.00071,interpolated,9.053,1,0,0.9438,0.101
human-qc-dropped,plate21,flu-seqneut-2026-CTS-032,A/France/HDF-IPP01550/2026_H3N2,plate21-A/France/HDF-IPP01550/2026_H3N2,0.003671,interpolated,0.003837,0.003837,interpolated,10,0.8207,0,0.7474,0.2276
human-qc-dropped,plate21,flu-seqneut-2026-CTS-032,A/France/HDF-RELAB-IPP00300/2026_H3N2,plate21-A/France/HDF-RELAB-IPP00300/2026_H3N2,0.00132,interpolated,0.00132,0.00132,interpolated,1.226,1,0,0.7212,0.2249
human-qc-dropped,plate21,flu-seqneut-2026-CTS-032,A/France/HDF-RELAB-IPP00303/2026_H3N2,plate21-A/France/HDF-RELAB-IPP00303/2026_H3N2,0.00182,interpolated,0.00182,0.00182,interpolated,1.216,1,0,0.6767,0.2518
human-qc-dropped,plate21,flu-seqneut-2026-CTS-032,A/France/HDF-RELAB-IPP07969/2025_H1N1,plate21-A/France/HDF-RELAB-IPP07969/2025_H1N1,0.0009685,interpolated,0.0009685,0.0009685,interpolated,1.116,1,0,0.879,0.1234
human-qc-dropped,plate21,flu-seqneut-2026-CTS-032,A/France/NAQ-HCL026010957001/2026_H3N2,plate21-A/France/NAQ-HCL026010957001/2026_H3N2,0.0004961,interpolated,0.0004961,0.0004961,interpolated,2.064,1,0,0.9206,0.09847
human-qc-dropped,plate21,flu-seqneut-2026-CTS-032,A/France/NAQ-HCL026046169102/2025_H1N1,plate21-A/France/NAQ-HCL026046169102/2025_H1N1,0.0008493,interpolated,0.0009751,0.0009751,interpolated,1.104,0.9293,0,0.8226,0.1392
human-qc-dropped,plate21,flu-seqneut-2026-CTS-032,A/France/OCC-HCL026013263701/2026_H3N2,plate21-A/France/OCC-HCL026013263701/2026_H3N2,0.0009881,interpolated,0.0009881,0.0009881,interpolated,1.848,1,0,0.9302,0.1086
human-qc-dropped,plate21,flu-seqneut-2026-CTS-032,A/France/PAC-RELAB-HCL026021993801/2026_H3N2,plate21-A/France/PAC-RELAB-HCL026021993801/2026_H3N2,0.000644,interpolated,0.000644,0.000644,interpolated,5.661,1,0,0.8638,0.1518
human-qc-dropped,plate21,flu-seqneut-2026-CTS-032,A/Galicia/GA-CHUAC-451/2025_H3N2,plate21-A/Galicia/GA-CHUAC-451/2025_H3N2,0.00111,interpolated,0.00111,0.00111,interpolated,1.084,1,0,0.7631,0.1878
human-qc-dropped,plate21,flu-seqneut-2026-CTS-032,A/Galicia/GA-CHUAC-612/2025_H1N1,plate21-A/Galicia/GA-CHUAC-612/2025_H1N1,0.001699,interpolated,0.001699,0.001699,interpolated,1.181,1,0,0.6563,0.263
human-qc-dropped,plate21,flu-seqneut-2026-CTS-032,A/Germany/LRMC_0104/2025_H3N2,plate21-A/Germany/LRMC_0104/2025_H3N2,0.0007327,interpolated,0.0007327,0.0007327,interpolated,6.508,1,0,0.9661,0.07721
human-qc-dropped,plate21,flu-seqneut-2026-CTS-032,A/Germany/LRMC_0113/2025_H3N2,plate21-A/Germany/LRMC_0113/2025_H3N2,0.0006951,interpolated,0.0006951,0.0006951,interpolated,1.291,1,0,0.8899,0.1149
human-qc-dropped,plate21,flu-seqneut-2026-CTS-032,A/Hawaii/70/2019_H1N1,plate21-A/Hawaii/70/2019_H1N1,0.0003503,interpolated,0.0003503,0.0003503,interpolated,2.064,1,0,0.9966,0.01731
human-qc-dropped,plate21,flu-seqneut-2026-CTS-032,A/Hawaii/ISC-1140/2025_H1N1,plate21-A/Hawaii/ISC-1140/2025_H1N1,0.0007403,interpolated,0.0007403,0.0007403,interpolated,6.627,1,0,0.9785,0.06179
human-qc-dropped,plate21,flu-seqneut-2026-CTS-032,A/Hessen/18/2026_H1N1,plate21-A/Hessen/18/2026_H1N1,0.001123,interpolated,0.001123,0.001123,interpolated,1.353,1,0,0.7617,0.2091
human-qc-dropped,plate21,flu-seqneut-2026-CTS-032,A/Ireland/91576/2025_H3N2,plate21-A/Ireland/91576/2025_H3N2,0.001101,interpolated,0.001101,0.001101,interpolated,1.379,1,0,0.8128,0.1769
human-qc-dropped,plate21,flu-seqneut-2026-CTS-032,A/Kentucky/80/2025_H1N1,plate21-A/Kentucky/80/2025_H1N1,0.000569,interpolated,0.000569,0.000569,interpolated,2.473,1,0,0.9584,0.07517
human-qc-dropped,plate21,flu-seqneut-2026-CTS-032,A/Lisboa/216/2023_H3N2,plate21-A/Lisboa/216/2023_H3N2,0.000768,interpolated,0.0007825,0.0007825,interpolated,10,0.9147,0,0.9725,0.06481
human-qc-dropped,plate21,flu-seqneut-2026-CTS-032,A/Luxembourg/LNS9132577/2026_H3N2,plate21-A/Luxembourg/LNS9132577/2026_H3N2,0.001062,interpolated,0.001062,0.001062,interpolated,1.371,1,0,0.7674,0.2047
human-qc-dropped,plate21,flu-seqneut-2026-CTS-032,A/Maine/25/2026_H1N1,plate21-A/Maine/25/2026_H1N1,0.001262,interpolated,0.001262,0.001262,interpolated,1.341,1,0,0.8155,0.1786
human-qc-dropped,plate21,flu-seqneut-2026-CTS-032,A/Malaysia/IMR/SARI/2406/2025_H3N2,plate21-A/Malaysia/IMR/SARI/2406/2025_H3N2,0.004143,interpolated,0.004332,0.004332,interpolated,10,0.8203,0,0.7023,0.2362
human-qc-dropped,plate21,flu-seqneut-2026-CTS-032,A/Massachusetts/18/2022_H3N2,plate21-A/Massachusetts/18/2022_H3N2,0.001051,interpolated,0.001051,0.001051,interpolated,1.065,1,0,0.852,0.1372
human-qc-dropped,plate21,flu-seqneut-2026-CTS-032,A/Massachusetts/ISC-1856/2025_H3N2,plate21-A/Massachusetts/ISC-1856/2025_H3N2,0.0006008,interpolated,0.0006008,0.0006008,interpolated,2.77,1,0,0.974,0.06073
human-qc-dropped,plate21,flu-seqneut-2026-CTS-032,A/Mauritius/26000203/2026_H1N1,plate21-A/Mauritius/26000203/2026_H1N1,0.0007115,interpolated,0.0007115,0.0007115,interpolated,3.464,1,0,0.9719,0.06801
human-qc-dropped,plate21,flu-seqneut-2026-CTS-032,A/Michigan/8/2026_H3N2,plate21-A/Michigan/8/2026_H3N2,0.0009854,interpolated,0.0009854,0.0009854,interpolated,1.323,1,0,0.8532,0.1481
human-qc-dropped,plate21,flu-seqneut-2026-CTS-032,A/Michigan/UM-10068071276/2025_H3N2,plate21-A/Michigan/UM-10068071276/2025_H3N2,0.0007425,interpolated,0.0007425,0.0007425,interpolated,1.107,1,0,0.8094,0.1534
human-qc-dropped,plate21,flu-seqneut-2026-CTS-032,A/Michigan/UM-10068134090/2025_H3N2,plate21-A/Michigan/UM-10068134090/2025_H3N2,0.000539,interpolated,0.0008608,0.0008608,interpolated,1.749,0.7204,0,0.9922,0.02369
human-qc-dropped,plate21,flu-seqneut-2026-CTS-032,A/Michigan/UM-10068449788/2025_H3N2,plate21-A/Michigan/UM-10068449788/2025_H3N2,0.0007241,interpolated,0.0007241,0.0007241,interpolated,1.006,1,0,0.7691,0.1664
human-qc-dropped,plate21,flu-seqneut-2026-CTS-032,A/Michigan/UM-10068456988/2025_H3N2,plate21-A/Michigan/UM-10068456988/2025_H3N2,0.0008827,interpolated,0.0008827,0.0008827,interpolated,0.9023,1,0,0.6849,0.2016
human-qc-dropped,plate21,flu-seqneut-2026-CTS-032,A/Michigan/UM-10068747355/2026_H3N2,plate21-A/Michigan/UM-10068747355/2026_H3N2,0.001016,interpolated,0.001016,0.001016,interpolated,1.547,1,0,0.8373,0.1693
human-qc-dropped,plate21,flu-seqneut-2026-CTS-032,A/MinasGerais/410/2026_H1N1,plate21-A/MinasGerais/410/2026_H1N1,0.0008265,interpolated,0.0008265,0.0008265,interpolated,1.369,1,0,0.868,0.1376
human-qc-dropped,plate21,flu-seqneut-2026-CTS-032,A/MinasGerais/671/2026_H1N1,plate21-A/MinasGerais/671/2026_H1N1,0.003878,interpolated,0.004042,0.004042,interpolated,10,0.8301,0,0.7525,0.2227
human-qc-dropped,plate21,flu-seqneut-2026-CTS-032,A/Mississippi/20/2026_H1N1,plate21-A/Mississippi/20/2026_H1N1,0.001325,interpolated,0.001325,0.001325,interpolated,1.352,1,0,0.8124,0.1818
human-qc-dropped,plate21,flu-seqneut-2026-CTS-032,A/Missouri/11/2025_cell_H1N1,plate21-A/Missouri/11/2025_cell_H1N1,0.0007789,interpolated,0.0007789,0.0007789,interpolated,3.953,1,0,0.9736,0.06739
human-qc-dropped,plate21,flu-seqneut-2026-CTS-032,A/Missouri/11/2025_egg_H1N1,plate21-A/Missouri/11/2025_egg_H1N1,0.0001689,upper,0.0002622,0.0002622,interpolated,2.106,0.6,0,0.99,0.01504
human-qc-dropped,plate21,flu-seqneut-2026-CTS-032,A/Missouri/NIRC-AV-1003/2025_H3N2,plate21-A/Missouri/NIRC-AV-1003/2025_H3N2,0.0008834,interpolated,0.0008834,0.0008834,interpolated,2.395,1,0,0.9619,0.08103
human-qc-dropped,plate21,flu-seqneut-2026-CTS-032,A/Montana/51/2025_H3N2,plate21-A/Montana/51/2025_H3N2,0.0009144,interpolated,0.0009144,0.0009144,interpolated,1.654,1,0,0.8376,0.1683
human-qc-dropped,plate21,flu-seqneut-2026-CTS-032,A/NakhonPhanom/P495/2026_H3N2,plate21-A/NakhonPhanom/P495/2026_H3N2,0.001431,interpolated,0.001431,0.001431,interpolated,1.323,1,0,0.826,0.172
human-qc-dropped,plate21,flu-seqneut-2026-CTS-032,A/Navarra/260009/2025_H3N2,plate21-A/Navarra/260009/2025_H3N2,0.001059,interpolated,0.001059,0.001059,interpolated,1.07,1,0,0.6547,0.234
human-qc-dropped,plate21,flu-seqneut-2026-CTS-032,A/Nebraska/34/2026_H1N1,plate21-A/Nebraska/34/2026_H1N1,0.0008523,interpolated,0.0008523,0.0008523,interpolated,2.088,1,0,0.9112,0.123
human-qc-dropped,plate21,flu-seqneut-2026-CTS-032,A/Netherlands/10008/2026_H1N1,plate21-A/Netherlands/10008/2026_H1N1,0.0009698,interpolated,0.0009698,0.0009698,interpolated,1.642,1,0,0.8926,0.1327
human-qc-dropped,plate21,flu-seqneut-2026-CTS-032,A/Netherlands/2398/2025_H1N1,plate21-A/Netherlands/2398/2025_H1N1,0.00109,interpolated,0.00109,0.00109,interpolated,1.391,1,0,0.7872,0.1949
human-qc-dropped,plate21,flu-seqneut-2026-CTS-032,A/Netherlands/543/2026_H1N1,plate21-A/Netherlands/543/2026_H1N1,0.001742,interpolated,0.001742,0.001742,interpolated,1.565,1,0,0.91,0.1247
human-qc-dropped,plate21,flu-seqneut-2026-CTS-032,A/Netherlands/864/2026_H1N1,plate21-A/Netherlands/864/2026_H1N1,0.001585,interpolated,0.001585,0.001585,interpolated,1.246,1,0,0.7122,0.2359
human-qc-dropped,plate21,flu-seqneut-2026-CTS-032,A/Netherlands/888/2026_H3N2,plate21-A/Netherlands/888/2026_H3N2,0.0009706,interpolated,0.0009706,0.0009706,interpolated,1.603,1,0,0.8651,0.1504
human-qc-dropped,plate21,flu-seqneut-2026-CTS-032,A/Netherlands/968/2026_H3N2,plate21-A/Netherlands/968/2026_H3N2,0.0009188,interpolated,0.0009188,0.0009188,interpolated,1.784,1,0,0.9538,0.0844
human-qc-dropped,plate21,flu-seqneut-2026-CTS-032,A/NewBrunswick/NBPHLFLUA10B-MM00057R/2026_H1N1,plate21-A/NewBrunswick/NBPHLFLUA10B-MM00057R/2026_H1N1,0.00102,interpolated,0.00102,0.00102,interpolated,1.812,1,0,0.9344,0.1051
human-qc-dropped,plate21,flu-seqneut-2026-CTS-032,A/NewYork/NIRC-IS-1086/2026_H3N2,plate21-A/NewYork/NIRC-IS-1086/2026_H3N2,0.003835,interpolated,0.003991,0.003991,interpolated,10,0.8358,0,0.7624,0.2156
human-qc-dropped,plate21,flu-seqneut-2026-CTS-032,A/NordrheinWestfalen/54/2026_H3N2,plate21-A/NordrheinWestfalen/54/2026_H3N2,0.004259,interpolated,0.004444,0.004444,interpolated,10,0.8265,0,0.7147,0.228
human-qc-dropped,plate21,flu-seqneut-2026-CTS-032,A/NordrheinWestfalen/96/2026_H1N1,plate21-A/NordrheinWestfalen/96/2026_H1N1,0.000978,interpolated,0.000978,0.000978,interpolated,2,1,0,0.955,0.08701
human-qc-dropped,plate21,flu-seqneut-2026-CTS-032,A/Norway/9556/2025_H1N1,plate21-A/Norway/9556/2025_H1N1,0.004505,interpolated,0.004589,0.004589,interpolated,10,0.9149,0,0.9267,0.1123
human-qc-dropped,plate21,flu-seqneut-2026-CTS-032,A/NovaScotia/25-365-06099/2025_H3N2,plate21-A/NovaScotia/25-365-06099/2025_H3N2,0.000834,interpolated,0.000834,0.000834,interpolated,1.212,1,0,0.7983,0.1692
human-qc-dropped,plate21,flu-seqneut-2026-CTS-032,A/Ohio/259/2024_H1N1,plate21-A/Ohio/259/2024_H1N1,0.0006375,interpolated,0.0006375,0.0006375,interpolated,1.971,1,0,0.959,0.07287
human-qc-dropped,plate21,flu-seqneut-2026-CTS-032,A/Ontario/PHL202550193/2025_H3N2,plate21-A/Ontario/PHL202550193/2025_H3N2,0.0005452,interpolated,0.00068,0.00068,interpolated,1.17,0.8861,0,0.7795,0.1424
human-qc-dropped,plate21,flu-seqneut-2026-CTS-032,A/Oregon/81/2025_H3N2,plate21-A/Oregon/81/2025_H3N2,0.003414,interpolated,0.00356,0.00356,interpolated,10,0.8295,0,0.7623,0.2243
human-qc-dropped,plate21,flu-seqneut-2026-CTS-032,A/PaisVasco/70369726/2026_H1N1,plate21-A/PaisVasco/70369726/2026_H1N1,0.0007897,interpolated,0.0007897,0.0007897,interpolated,1.209,1,0,0.8511,0.1394
human-qc-dropped,plate21,flu-seqneut-2026-CTS-032,A/Parana/416133590/2026_H3N2,plate21-A/Parana/416133590/2026_H3N2,0.003796,interpolated,0.003953,0.003953,interpolated,10,0.8333,0,0.7544,0.2192
human-qc-dropped,plate21,flu-seqneut-2026-CTS-032,A/Peru/ANC-INS-062/2026_H3N2,plate21-A/Peru/ANC-INS-062/2026_H3N2,0.0006288,interpolated,0.0006288,0.0006288,interpolated,4.893,1,0,0.9609,0.07968
human-qc-dropped,plate21,flu-seqneut-2026-CTS-032,A/Rhode_Island/11/2026_H1N1,plate21-A/Rhode_Island/11/2026_H1N1,0.000932,interpolated,0.000932,0.000932,interpolated,1.68,1,0,0.8656,0.1511
human-qc-dropped,plate21,flu-seqneut-2026-CTS-032,A/RiodeJaneiro/331/2026_H3N2,plate21-A/RiodeJaneiro/331/2026_H3N2,0.004037,interpolated,0.004397,0.004397,interpolated,10,0.7128,0,0.6177,0.2366
human-qc-dropped,plate21,flu-seqneut-2026-CTS-032,A/Romania/612042/2026_H3N2,plate21-A/Romania/612042/2026_H3N2,0.0007844,interpolated,0.0007844,0.0007844,interpolated,1.681,1,0,0.8872,0.1303
human-qc-dropped,plate21,flu-seqneut-2026-CTS-032,A/SantaCatarina/508/2026_H3N2,plate21-A/SantaCatarina/508/2026_H3N2,0.0009372,interpolated,0.0009372,0.0009372,interpolated,1.114,1,0,0.7217,0.2077
human-qc-dropped,plate21,flu-seqneut-2026-CTS-032,A/Saskatchewan/SKFLU477299/2025_H3N2,plate21-A/Saskatchewan/SKFLU477299/2025_H3N2,0.004155,interpolated,0.004343,0.004343,interpolated,10,0.8218,0,0.7168,0.2335
human-qc-dropped,plate21,flu-seqneut-2026-CTS-032,A/Saskatchewan/SKFLU477727/2025_H3N2,plate21-A/Saskatchewan/SKFLU477727/2025_H3N2,0.0009437,interpolated,0.0009437,0.0009437,interpolated,1.657,1,0,0.8644,0.1517
human-qc-dropped,plate21,flu-seqneut-2026-CTS-032,A/Saskatchewan/SKFLU490586/2026_H1N1,plate21-A/Saskatchewan/SKFLU490586/2026_H1N1,0.003369,interpolated,0.003522,0.003522,interpolated,10,0.8205,0,0.7918,0.2058
human-qc-dropped,plate21,flu-seqneut-2026-CTS-032,A/Singapore/GP20238/2024_H3N2,plate21-A/Singapore/GP20238/2024_H3N2,0.0007342,interpolated,0.0007411,0.0007411,interpolated,10,0.9557,0,0.996,0.02653
human-qc-dropped,plate21,flu-seqneut-2026-CTS-032,A/Singapore/KK2768/2025_H1N1,plate21-A/Singapore/KK2768/2025_H1N1,0.003718,interpolated,0.003849,0.003849,interpolated,10,0.8536,0,0.8179,0.1922
human-qc-dropped,plate21,flu-seqneut-2026-CTS-032,A/Singapore/MOH0547/2024_H1N1,plate21-A/Singapore/MOH0547/2024_H1N1,0.0007053,interpolated,0.0007246,0.0007246,interpolated,1.618,0.9786,0,0.9625,0.06619
human-qc-dropped,plate21,flu-seqneut-2026-CTS-032,A/Singapore/NTF0577/2025_H3N2,plate21-A/Singapore/NTF0577/2025_H3N2,0.0007595,interpolated,0.0007595,0.0007595,interpolated,4.34,1,0,0.9651,0.07749
human-qc-dropped,plate21,flu-seqneut-2026-CTS-032,A/Singapore/SAR8915/2025_H3N2,plate21-A/Singapore/SAR8915/2025_H3N2,0.0007172,interpolated,0.0007172,0.0007172,interpolated,7.291,1,0,0.9346,0.106
human-qc-dropped,plate21,flu-seqneut-2026-CTS-032,A/SouthAfrica/NHLS-SU-CERI-C075557/2026_H1N1,plate21-A/SouthAfrica/NHLS-SU-CERI-C075557/2026_H1N1,0.0006923,interpolated,0.0006923,0.0006923,interpolated,1.374,1,0,0.9013,0.1118
human-qc-dropped,plate21,flu-seqneut-2026-CTS-032,A/SouthAfrica/NICD-R01647/2026_H1N1,plate21-A/SouthAfrica/NICD-R01647/2026_H1N1,0.00106,interpolated,0.00106,0.00106,interpolated,1.432,1,0,0.8772,0.1395
human-qc-dropped,plate21,flu-seqneut-2026-CTS-032,A/SouthAfrica/NICD-R01668/2026_H1N1,plate21-A/SouthAfrica/NICD-R01668/2026_H1N1,0.000858,interpolated,0.000858,0.000858,interpolated,1.945,1,0,0.9621,0.07626
human-qc-dropped,plate21,flu-seqneut-2026-CTS-032,A/SouthAfrica/PATH-CERI-C073358/2025_H1N1,plate21-A/SouthAfrica/PATH-CERI-C073358/2025_H1N1,0.0007159,interpolated,0.0007159,0.0007159,interpolated,3.567,1,0,0.9709,0.06884
human-qc-dropped,plate21,flu-seqneut-2026-CTS-032,A/SouthAfrica/PATH-CERI-C073366/2025_H1N1,plate21-A/SouthAfrica/PATH-CERI-C073366/2025_H1N1,0.0009293,interpolated,0.0009293,0.0009293,interpolated,1.854,1,0,0.9111,0.1225
human-qc-dropped,plate21,flu-seqneut-2026-CTS-032,A/SouthAfrica/PATH-CERI-C075119/2026_H1N1,plate21-A/SouthAfrica/PATH-CERI-C075119/2026_H1N1,0.0008408,interpolated,0.0008408,0.0008408,interpolated,2.054,1,0,0.9694,0.06884
human-qc-dropped,plate21,flu-seqneut-2026-CTS-032,A/SouthAustralia/2605715552/2026_H3N2,plate21-A/SouthAustralia/2605715552/2026_H3N2,0.000625,interpolated,0.000625,0.000625,interpolated,2.115,1,0,0.9495,0.08209
human-qc-dropped,plate21,flu-seqneut-2026-CTS-032,A/SouthCarolina/USAFSAM-17046/2026_H3N2,plate21-A/SouthCarolina/USAFSAM-17046/2026_H3N2,0.001259,interpolated,0.001336,0.001336,interpolated,1.127,0.968,0,0.7689,0.1813
human-qc-dropped,plate21,flu-seqneut-2026-CTS-032,A/South_Australia/2523812314/2025_H3N2,plate21-A/South_Australia/2523812314/2025_H3N2,0.0005944,interpolated,0.0006067,0.0006067,interpolated,5.238,0.9492,0,0.957,0.08034
human-qc-dropped,plate21,flu-seqneut-2026-CTS-032,A/South_Australia/2527213276/2025_H3N2,plate21-A/South_Australia/2527213276/2025_H3N2,0.00102,interpolated,0.00102,0.00102,interpolated,1.313,1,0,0.8113,0.1721
human-qc-dropped,plate21,flu-seqneut-2026-CTS-032,A/StPetersburg/RII-25-2042S/2025_H3N2,plate21-A/StPetersburg/RII-25-2042S/2025_H3N2,0.001299,interpolated,0.001299,0.001299,interpolated,1.321,1,0,0.829,0.1694
human-qc-dropped,plate21,flu-seqneut-2026-CTS-032,A/StPetersburg/RII-25-2321S/2025_H3N2,plate21-A/StPetersburg/RII-25-2321S/2025_H3N2,0.0006476,interpolated,0.0006476,0.0006476,interpolated,1.735,1,0,0.8542,0.144
human-qc-dropped,plate21,flu-seqneut-2026-CTS-032,A/StPetersburg/RII-25-2506S/2026_H3N2,plate21-A/StPetersburg/RII-25-2506S/2026_H3N2,0.001034,interpolated,0.001034,0.001034,interpolated,1.708,1,0,0.9159,0.1187
human-qc-dropped,plate21,flu-seqneut-2026-CTS-032,A/StPetersburg/RII-25-2600S/2026_H3N2,plate21-A/StPetersburg/RII-25-2600S/2026_H3N2,0.0008422,interpolated,0.0008422,0.0008422,interpolated,1.803,1,0,0.8702,0.1466
human-qc-dropped,plate21,flu-seqneut-2026-CTS-032,A/Switzerland/UN-SNRCI-HUG-053/2025_H1N1,plate21-A/Switzerland/UN-SNRCI-HUG-053/2025_H1N1,0.003837,interpolated,0.003954,0.003954,interpolated,10,0.8704,0,0.8946,0.1411
human-qc-dropped,plate21,flu-seqneut-2026-CTS-032,A/Sydney/1359/2024_H3N2,plate21-A/Sydney/1359/2024_H3N2,0.0007093,interpolated,0.0007093,0.0007093,interpolated,6.655,1,0,0.8728,0.146
human-qc-dropped,plate21,flu-seqneut-2026-CTS-032,A/Sydney/50/2026_H1N1,plate21-A/Sydney/50/2026_H1N1,0.004333,interpolated,0.004501,0.004501,interpolated,10,0.8422,0,0.7648,0.2068
human-qc-dropped,plate21,flu-seqneut-2026-CTS-032,A/Texas/29/2026_H1N1,plate21-A/Texas/29/2026_H1N1,0.0009548,interpolated,0.0009548,0.0009548,interpolated,1.835,1,0,0.9178,0.1176
human-qc-dropped,plate21,flu-seqneut-2026-CTS-032,A/Thailand/8/2022_H3N2,plate21-A/Thailand/8/2022_H3N2,0.0007204,interpolated,0.0007204,0.0007204,interpolated,3.799,1,0,0.9694,0.07146
human-qc-dropped,plate21,flu-seqneut-2026-CTS-032,A/Thuringen/16/2026_H3N2,plate21-A/Thuringen/16/2026_H3N2,0.0008454,interpolated,0.0008454,0.0008454,interpolated,1.9,1,0,0.8777,0.1414
human-qc-dropped,plate21,flu-seqneut-2026-CTS-032,A/Thuringen/39/2026_H3N2,plate21-A/Thuringen/39/2026_H3N2,0.001128,interpolated,0.001174,0.001174,interpolated,1.219,0.9762,0,0.871,0.1296
human-qc-dropped,plate21,flu-seqneut-2026-CTS-032,A/Tokyo/EIS11-277/2024_H1N1,plate21-A/Tokyo/EIS11-277/2024_H1N1,0.00169,interpolated,0.00169,0.00169,interpolated,3.984,1,0,1,0.001174
human-qc-dropped,plate21,flu-seqneut-2026-CTS-032,A/Trieste/257/2025_H3N2,plate21-A/Trieste/257/2025_H3N2,0.001443,interpolated,0.001443,0.001443,interpolated,1.253,1,0,0.7566,0.2097
human-qc-dropped,plate21,flu-seqneut-2026-CTS-032,A/Trieste/380/2026_H3N2,plate21-A/Trieste/380/2026_H3N2,0.001693,interpolated,0.001693,0.001693,interpolated,1.107,1,0,0.629,0.2713
human-qc-dropped,plate21,flu-seqneut-2026-CTS-032,A/Ukraine/5214/2026_H1N1,plate21-A/Ukraine/5214/2026_H1N1,0.0009529,interpolated,0.0009529,0.0009529,interpolated,1.801,1,0,0.9175,0.1162
human-qc-dropped,plate21,flu-seqneut-2026-CTS-032,A/Uppsala/SE26-01293/2026_H1N1,plate21-A/Uppsala/SE26-01293/2026_H1N1,0.001041,interpolated,0.001075,0.001075,interpolated,1.956,0.9698,0,0.9509,0.086
human-qc-dropped,plate21,flu-seqneut-2026-CTS-032,A/Valencia/VAHNSI_09_02564/2025_H1N1,plate21-A/Valencia/VAHNSI_09_02564/2025_H1N1,0.001123,interpolated,0.001123,0.001123,interpolated,1.216,1,0,0.8477,0.1499
human-qc-dropped,plate21,flu-seqneut-2026-CTS-032,A/Victoria/2948/2025_H3N2,plate21-A/Victoria/2948/2025_H3N2,0.00149,interpolated,0.00149,0.00149,interpolated,1.129,1,0,0.6769,0.2457
human-qc-dropped,plate21,flu-seqneut-2026-CTS-032,A/Victoria/4897/2022_IVR-238_H1N1,plate21-A/Victoria/4897/2022_IVR-238_H1N1,0.0003739,interpolated,0.0003894,0.0003894,interpolated,4.192,0.9216,0,0.9992,0.008856
human-qc-dropped,plate21,flu-seqneut-2026-CTS-032,A/Vietnam/F7324/2024_H3N2,plate21-A/Vietnam/F7324/2024_H3N2,0.0009219,interpolated,0.0009219,0.0009219,interpolated,1.276,1,0,0.7971,0.1776
human-qc-dropped,plate21,flu-seqneut-2026-CTS-032,A/Vietnam/PF125413/2025_H1N1,plate21-A/Vietnam/PF125413/2025_H1N1,0.001645,interpolated,0.001645,0.001645,interpolated,1.347,1,0,0.8668,0.1486
human-qc-dropped,plate21,flu-seqneut-2026-CTS-032,A/Vietnam/PF126009/2026_H1N1,plate21-A/Vietnam/PF126009/2026_H1N1,0.003515,interpolated,0.003649,0.003649,interpolated,10,0.8445,0,0.8094,0.1986
human-qc-dropped,plate21,flu-seqneut-2026-CTS-032,A/Virginia/82/2025_H1N1,plate21-A/Virginia/82/2025_H1N1,0.0009111,interpolated,0.0009111,0.0009111,interpolated,1.019,1,0,0.7286,0.1948
human-qc-dropped,plate21,flu-seqneut-2026-CTS-032,A/Wisconsin/588/2019_H1N1,plate21-A/Wisconsin/588/2019_H1N1,0.0003739,interpolated,0.0003739,0.0003739,interpolated,3.336,1,0,0.9834,0.0444
human-qc-dropped,plate21,flu-seqneut-2026-CTS-032,A/Wisconsin/67/2022_H1N1,plate21-A/Wisconsin/67/2022_H1N1,0.0009042,interpolated,0.0009042,0.0009042,interpolated,2.187,1,0,0.9582,0.08109
human-qc-dropped,plate21,flu-seqneut-2026-CTS-032,A/Zacapa/FLU-012/2025_H1N1,plate21-A/Zacapa/FLU-012/2025_H1N1,0.001173,interpolated,0.001173,0.001173,interpolated,1.591,1,0,0.9033,0.1284
human-qc-dropped,plate21,flu-seqneut-2026-CTS-032,A/Zambia/6-NIC-014/2026_H1N1,plate21-A/Zambia/6-NIC-014/2026_H1N1,0.0008599,interpolated,0.0008599,0.0008599,interpolated,1.557,1,0,0.8665,0.1446
human-qc-dropped,plate21,flu-seqneut-2026-CTS-032,A/Zambia/7-NIC-313/2026_H1N1,plate21-A/Zambia/7-NIC-313/2026_H1N1,0.0006782,interpolated,0.0006782,0.0006782,interpolated,3.713,1,0,0.8909,0.1272
human-qc-dropped,plate21,flu-seqneut-2026-CTS-036,A/Bangkok/P2391/2025_H3N2,plate21-A/Bangkok/P2391/2025_H3N2,0.00072,interpolated,0.0007976,0.0007976,interpolated,10,0.6797,0,0.5014,0.3005
human-qc-dropped,plate21,flu-seqneut-2026-CTS-036,A/California/NIRC-IS-1019/2026_H1N1,plate21-A/California/NIRC-IS-1019/2026_H1N1,0.007579,interpolated,0.008799,0.008799,interpolated,4.956,0.7385,0,0.5052,0.2728
human-qc-dropped,plate21,flu-seqneut-2026-CTS-036,A/Darwin/1454/2025_H3N2,plate21-A/Darwin/1454/2025_H3N2,0.0007154,interpolated,0.0007951,0.0007951,interpolated,10,0.674,0,0.5906,0.2596
human-qc-dropped,plate21,flu-seqneut-2026-CTS-036,A/Kentucky/80/2025_H1N1,plate21-A/Kentucky/80/2025_H1N1,0.0008979,interpolated,0.001765,0.001765,interpolated,1.49,0.6827,0,0.5101,0.2636
human-qc-dropped,plate21,flu-seqneut-2026-CTS-036,A/PaisVasco/70369726/2026_H1N1,plate21-A/PaisVasco/70369726/2026_H1N1,0.0078,interpolated,0.008584,0.008584,interpolated,8.505,0.7214,0,0.5391,0.2784
human-qc-dropped,plate21,flu-seqneut-2026-CTS-036,A/Singapore/GP20238/2024_H3N2,plate21-A/Singapore/GP20238/2024_H3N2,0.0006204,interpolated,0.0007287,0.0007287,interpolated,10,0.6,0,0.5211,0.2561
human-qc-dropped,plate21,flu-seqneut-2026-CTS-036,A/SouthAfrica/PATH-CERI-C075119/2026_H1N1,plate21-A/SouthAfrica/PATH-CERI-C075119/2026_H1N1,0.007859,interpolated,0.008873,0.008873,interpolated,5.381,0.7603,0,0.5489,0.2638
human-qc-dropped,plate21,flu-seqneut-2026-CTS-036,A/Thailand/8/2022_H3N2,plate21-A/Thailand/8/2022_H3N2,0.0006674,interpolated,0.0007384,0.0007384,interpolated,10,0.682,0,0.5111,0.2999
human-qc-dropped,plate21,flu-seqneut-2026-CTS-036,A/Victoria/4897/2022_IVR-238_H1N1,plate21-A/Victoria/4897/2022_IVR-238_H1N1,0.0006943,interpolated,0.0007571,0.0007571,interpolated,10,0.7104,0,0.5991,0.2693
human-qc-dropped,plate21,flu-seqneut-2026-CTS-037,A/Andalucia/PMC-01217/2025_H1N1,plate21-A/Andalucia/PMC-01217/2025_H1N1,0.00489,interpolated,0.006113,0.006113,interpolated,2.93,0.76,0,0.6313,0.2173
human-qc-dropped,plate21,flu-seqneut-2026-CTS-037,A/Arizona/40/2026_H1N1,plate21-A/Arizona/40/2026_H1N1,0.005231,interpolated,0.00654,0.00654,interpolated,3.224,0.7434,0,0.5142,0.2662
human-qc-dropped,plate21,flu-seqneut-2026-CTS-037,A/Colorado/218/2024_H1N1,plate21-A/Colorado/218/2024_H1N1,0.008532,interpolated,0.009222,0.009222,interpolated,10,0.7298,0,0.5387,0.2804
human-qc-dropped,plate21,flu-seqneut-2026-CTS-037,A/Galicia/GA-CHUAC-612/2025_H1N1,plate21-A/Galicia/GA-CHUAC-612/2025_H1N1,0.006065,interpolated,0.008047,0.008047,interpolated,2.415,0.7526,0,0.5967,0.2148
human-qc-dropped,plate21,flu-seqneut-2026-CTS-037,A/Hawaii/70/2019_H1N1,plate21-A/Hawaii/70/2019_H1N1,0.003712,interpolated,0.004218,0.004218,interpolated,10,0.6394,0,0.5713,0.247
human-qc-dropped,plate21,flu-seqneut-2026-CTS-037,A/Hawaii/ISC-1140/2025_H1N1,plate21-A/Hawaii/ISC-1140/2025_H1N1,0.005357,interpolated,0.007005,0.007005,interpolated,3.991,0.6715,0,0.5077,0.2486
human-qc-dropped,plate21,flu-seqneut-2026-CTS-037,A/Missouri/11/2025_cell_H1N1,plate21-A/Missouri/11/2025_cell_H1N1,0.004181,interpolated,0.004461,0.004461,interpolated,10,0.7613,0,0.579,0.2489
human-qc-dropped,plate21,flu-seqneut-2026-CTS-037,A/Missouri/11/2025_egg_H1N1,plate21-A/Missouri/11/2025_egg_H1N1,0.0006702,interpolated,0.0007675,0.0007675,interpolated,10,0.6289,0,0.5841,0.2284
human-qc-dropped,plate21,flu-seqneut-2026-CTS-037,A/Netherlands/2398/2025_H1N1,plate21-A/Netherlands/2398/2025_H1N1,0.004439,interpolated,0.004776,0.004776,interpolated,10,0.7407,0,0.5902,0.2409
human-qc-dropped,plate21,flu-seqneut-2026-CTS-037,A/NewBrunswick/NBPHLFLUA10B-MM00057R/2026_H1N1,plate21-A/NewBrunswick/NBPHLFLUA10B-MM00057R/2026_H1N1,0.004932,interpolated,0.005961,0.005961,interpolated,4.153,0.7277,0,0.512,0.2703
human-qc-dropped,plate21,flu-seqneut-2026-CTS-037,A/Ohio/259/2024_H1N1,plate21-A/Ohio/259/2024_H1N1,0.003206,interpolated,0.003766,0.003766,interpolated,10,0.6,0,0.6303,0.1992
human-qc-dropped,plate21,flu-seqneut-2026-CTS-037,A/Singapore/KK2768/2025_H1N1,plate21-A/Singapore/KK2768/2025_H1N1,0.004403,interpolated,0.004867,0.004867,interpolated,10,0.6837,0,0.5103,0.2768
human-qc-dropped,plate21,flu-seqneut-2026-CTS-037,A/SouthAfrica/NHLS-SU-CERI-C075557/2026_H1N1,plate21-A/SouthAfrica/NHLS-SU-CERI-C075557/2026_H1N1,0.004783,interpolated,0.006002,0.006002,interpolated,3.603,0.7207,0,0.5032,0.2722
human-qc-dropped,plate21,flu-seqneut-2026-CTS-037,A/SouthAfrica/PATH-CERI-C073358/2025_H1N1,plate21-A/SouthAfrica/PATH-CERI-C073358/2025_H1N1,0.004484,interpolated,0.00485,0.00485,interpolated,10,0.728,0,0.5332,0.2656
human-qc-dropped,plate21,flu-seqneut-2026-CTS-037,A/SouthAfrica/PATH-CERI-C073366/2025_H1N1,plate21-A/SouthAfrica/PATH-CERI-C073366/2025_H1N1,0.005497,interpolated,0.006933,0.006933,interpolated,3.686,0.7125,0,0.5441,0.2472
human-qc-dropped,plate21,flu-seqneut-2026-CTS-037,A/SouthAfrica/PATH-CERI-C075119/2026_H1N1,plate21-A/SouthAfrica/PATH-CERI-C075119/2026_H1N1,0.004564,interpolated,0.004858,0.004858,interpolated,10,0.7676,0,0.6007,0.2417
human-qc-dropped,plate21,flu-seqneut-2026-CTS-037,A/Tokyo/EIS11-277/2024_H1N1,plate21-A/Tokyo/EIS11-277/2024_H1N1,0.003844,interpolated,0.004217,0.004217,interpolated,10,0.698,0,0.5373,0.2872
human-qc-dropped,plate21,flu-seqneut-2026-CTS-037,A/Ukraine/5214/2026_H1N1,plate21-A/Ukraine/5214/2026_H1N1,0.008071,interpolated,0.009177,0.009177,interpolated,4.272,0.7889,0,0.6541,0.2078
human-qc-dropped,plate21,flu-seqneut-2026-CTS-037,A/Uppsala/SE26-01293/2026_H1N1,plate21-A/Uppsala/SE26-01293/2026_H1N1,0.004418,interpolated,0.004904,0.004904,interpolated,3.264,0.8555,0,0.6886,0.215
human-qc-dropped,plate21,flu-seqneut-2026-CTS-037,A/Victoria/4897/2022_IVR-238_H1N1,plate21-A/Victoria/4897/2022_IVR-238_H1N1,0.000677,interpolated,0.0007536,0.0007536,interpolated,10,0.6711,0,0.703,0.1993
human-qc-dropped,plate21,flu-seqneut-2026-CTS-037,A/Vietnam/PF125413/2025_H1N1,plate21-A/Vietnam/PF125413/2025_H1N1,0.004485,interpolated,0.004868,0.004868,interpolated,10,0.7203,0,0.6019,0.2411
human-qc-dropped,plate21,flu-seqneut-2026-CTS-037,A/Wisconsin/588/2019_H1N1,plate21-A/Wisconsin/588/2019_H1N1,0.001989,interpolated,0.002766,0.002766,interpolated,4.878,0.6,0,0.6001,0.2243
human-qc-dropped,plate21,flu-seqneut-2026-CTS-037,A/Wisconsin/67/2022_H1N1,plate21-A/Wisconsin/67/2022_H1N1,0.004187,interpolated,0.004686,0.004686,interpolated,10,0.6624,0,0.5234,0.2454
