subtype,region,week_start,category,n_sequences
H1N1,HA1,2024-09-02,1_mutation,77
H1N1,HA1,2024-09-02,2_mutations,33
H1N1,HA1,2024-09-02,3_mutations,13
H1N1,HA1,2024-09-02,4_mutations,2
H1N1,HA1,2024-09-02,identical,36
H1N1,HA1,2024-09-09,1_mutation,105
H1N1,HA1,2024-09-09,2_mutations,41
H1N1,HA1,2024-09-09,3_mutations,16
H1N1,HA1,2024-09-09,4_mutations,4
H1N1,HA1,2024-09-09,identical,39
H1N1,HA1,2024-09-16,1_mutation,110
H1N1,HA1,2024-09-16,2_mutations,41
H1N1,HA1,2024-09-16,3_mutations,18
H1N1,HA1,2024-09-16,identical,48
H1N1,HA1,2024-09-16,more_than_4_mutations,1
H1N1,HA1,2024-09-23,1_mutation,84
H1N1,HA1,2024-09-23,2_mutations,49
H1N1,HA1,2024-09-23,3_mutations,16
H1N1,HA1,2024-09-23,4_mutations,6
H1N1,HA1,2024-09-23,identical,37
H1N1,HA1,2024-09-30,1_mutation,83
H1N1,HA1,2024-09-30,2_mutations,44
H1N1,HA1,2024-09-30,3_mutations,12
H1N1,HA1,2024-09-30,4_mutations,3
H1N1,HA1,2024-09-30,identical,42
H1N1,HA1,2024-09-30,more_than_4_mutations,1
H1N1,HA1,2024-10-07,1_mutation,95
H1N1,HA1,2024-10-07,2_mutations,51
H1N1,HA1,2024-10-07,3_mutations,20
H1N1,HA1,2024-10-07,4_mutations,7
H1N1,HA1,2024-10-07,identical,71
H1N1,HA1,2024-10-14,1_mutation,96
H1N1,HA1,2024-10-14,2_mutations,55
H1N1,HA1,2024-10-14,3_mutations,23
H1N1,HA1,2024-10-14,4_mutations,7
H1N1,HA1,2024-10-14,identical,72
H1N1,HA1,2024-10-21,1_mutation,134
H1N1,HA1,2024-10-21,2_mutations,76
H1N1,HA1,2024-10-21,3_mutations,36
H1N1,HA1,2024-10-21,4_mutations,12
H1N1,HA1,2024-10-21,identical,101
H1N1,HA1,2024-10-21,more_than_4_mutations,4
H1N1,HA1,2024-10-28,1_mutation,130
H1N1,HA1,2024-10-28,2_mutations,62
H1N1,HA1,2024-10-28,3_mutations,36
H1N1,HA1,2024-10-28,4_mutations,9
H1N1,HA1,2024-10-28,identical,77
H1N1,HA1,2024-10-28,more_than_4_mutations,2
H1N1,HA1,2024-11-04,1_mutation,161
H1N1,HA1,2024-11-04,2_mutations,96
H1N1,HA1,2024-11-04,3_mutations,37
H1N1,HA1,2024-11-04,4_mutations,11
H1N1,HA1,2024-11-04,identical,96
H1N1,HA1,2024-11-04,more_than_4_mutations,4
H1N1,HA1,2024-11-11,1_mutation,188
H1N1,HA1,2024-11-11,2_mutations,79
H1N1,HA1,2024-11-11,3_mutations,30
H1N1,HA1,2024-11-11,4_mutations,8
H1N1,HA1,2024-11-11,identical,105
H1N1,HA1,2024-11-11,more_than_4_mutations,2
H1N1,HA1,2024-11-18,1_mutation,223
H1N1,HA1,2024-11-18,2_mutations,106
H1N1,HA1,2024-11-18,3_mutations,24
H1N1,HA1,2024-11-18,4_mutations,11
H1N1,HA1,2024-11-18,identical,149
H1N1,HA1,2024-11-18,more_than_4_mutations,3
H1N1,HA1,2024-11-25,1_mutation,232
H1N1,HA1,2024-11-25,2_mutations,145
H1N1,HA1,2024-11-25,3_mutations,54
H1N1,HA1,2024-11-25,4_mutations,22
H1N1,HA1,2024-11-25,identical,215
H1N1,HA1,2024-11-25,more_than_4_mutations,1
H1N1,HA1,2024-12-02,1_mutation,297
H1N1,HA1,2024-12-02,2_mutations,168
H1N1,HA1,2024-12-02,3_mutations,55
H1N1,HA1,2024-12-02,4_mutations,43
H1N1,HA1,2024-12-02,identical,242
H1N1,HA1,2024-12-02,more_than_4_mutations,7
H1N1,HA1,2024-12-09,1_mutation,407
H1N1,HA1,2024-12-09,2_mutations,203
H1N1,HA1,2024-12-09,3_mutations,81
H1N1,HA1,2024-12-09,4_mutations,41
H1N1,HA1,2024-12-09,identical,338
H1N1,HA1,2024-12-09,more_than_4_mutations,1
H1N1,HA1,2024-12-16,1_mutation,452
H1N1,HA1,2024-12-16,2_mutations,255
H1N1,HA1,2024-12-16,3_mutations,83
H1N1,HA1,2024-12-16,4_mutations,44
H1N1,HA1,2024-12-16,identical,366
H1N1,HA1,2024-12-16,more_than_4_mutations,8
H1N1,HA1,2024-12-23,1_mutation,385
H1N1,HA1,2024-12-23,2_mutations,244
H1N1,HA1,2024-12-23,3_mutations,65
H1N1,HA1,2024-12-23,4_mutations,40
H1N1,HA1,2024-12-23,identical,366
H1N1,HA1,2024-12-23,more_than_4_mutations,6
H1N1,HA1,2024-12-30,1_mutation,514
H1N1,HA1,2024-12-30,2_mutations,322
H1N1,HA1,2024-12-30,3_mutations,110
H1N1,HA1,2024-12-30,4_mutations,34
H1N1,HA1,2024-12-30,identical,486
H1N1,HA1,2024-12-30,more_than_4_mutations,9
H1N1,HA1,2025-01-06,1_mutation,556
H1N1,HA1,2025-01-06,2_mutations,358
H1N1,HA1,2025-01-06,3_mutations,147
H1N1,HA1,2025-01-06,4_mutations,50
H1N1,HA1,2025-01-06,identical,581
H1N1,HA1,2025-01-06,more_than_4_mutations,13
H1N1,HA1,2025-01-13,1_mutation,607
H1N1,HA1,2025-01-13,2_mutations,443
H1N1,HA1,2025-01-13,3_mutations,139
H1N1,HA1,2025-01-13,4_mutations,53
H1N1,HA1,2025-01-13,identical,753
H1N1,HA1,2025-01-13,more_than_4_mutations,16
H1N1,HA1,2025-01-20,1_mutation,586
H1N1,HA1,2025-01-20,2_mutations,404
H1N1,HA1,2025-01-20,3_mutations,144
H1N1,HA1,2025-01-20,4_mutations,37
H1N1,HA1,2025-01-20,identical,811
H1N1,HA1,2025-01-20,more_than_4_mutations,10
H1N1,HA1,2025-01-27,1_mutation,512
H1N1,HA1,2025-01-27,2_mutations,360
H1N1,HA1,2025-01-27,3_mutations,140
H1N1,HA1,2025-01-27,4_mutations,49
H1N1,HA1,2025-01-27,identical,888
H1N1,HA1,2025-01-27,more_than_4_mutations,7
H1N1,HA1,2025-02-03,1_mutation,449
H1N1,HA1,2025-02-03,2_mutations,333
H1N1,HA1,2025-02-03,3_mutations,100
H1N1,HA1,2025-02-03,4_mutations,34
H1N1,HA1,2025-02-03,identical,821
H1N1,HA1,2025-02-03,more_than_4_mutations,7
H1N1,HA1,2025-02-10,1_mutation,409
H1N1,HA1,2025-02-10,2_mutations,308
H1N1,HA1,2025-02-10,3_mutations,92
H1N1,HA1,2025-02-10,4_mutations,49
H1N1,HA1,2025-02-10,identical,782
H1N1,HA1,2025-02-10,more_than_4_mutations,8
H1N1,HA1,2025-02-17,1_mutation,356
H1N1,HA1,2025-02-17,2_mutations,220
H1N1,HA1,2025-02-17,3_mutations,79
H1N1,HA1,2025-02-17,4_mutations,28
H1N1,HA1,2025-02-17,identical,708
H1N1,HA1,2025-02-17,more_than_4_mutations,8
H1N1,HA1,2025-02-24,1_mutation,334
H1N1,HA1,2025-02-24,2_mutations,169
H1N1,HA1,2025-02-24,3_mutations,62
H1N1,HA1,2025-02-24,4_mutations,20
H1N1,HA1,2025-02-24,identical,654
H1N1,HA1,2025-02-24,more_than_4_mutations,11
H1N1,HA1,2025-03-03,1_mutation,266
H1N1,HA1,2025-03-03,2_mutations,154
H1N1,HA1,2025-03-03,3_mutations,52
H1N1,HA1,2025-03-03,4_mutations,14
H1N1,HA1,2025-03-03,identical,541
H1N1,HA1,2025-03-03,more_than_4_mutations,4
H1N1,HA1,2025-03-10,1_mutation,228
H1N1,HA1,2025-03-10,2_mutations,128
H1N1,HA1,2025-03-10,3_mutations,48
H1N1,HA1,2025-03-10,4_mutations,12
H1N1,HA1,2025-03-10,identical,509
H1N1,HA1,2025-03-10,more_than_4_mutations,3
H1N1,HA1,2025-03-17,1_mutation,233
H1N1,HA1,2025-03-17,2_mutations,68
H1N1,HA1,2025-03-17,3_mutations,59
H1N1,HA1,2025-03-17,4_mutations,11
H1N1,HA1,2025-03-17,identical,532
H1N1,HA1,2025-03-17,more_than_4_mutations,3
H1N1,HA1,2025-03-24,1_mutation,217
H1N1,HA1,2025-03-24,2_mutations,86
H1N1,HA1,2025-03-24,3_mutations,31
H1N1,HA1,2025-03-24,4_mutations,25
H1N1,HA1,2025-03-24,identical,440
H1N1,HA1,2025-03-24,more_than_4_mutations,7
H1N1,HA1,2025-03-31,1_mutation,212
H1N1,HA1,2025-03-31,2_mutations,84
H1N1,HA1,2025-03-31,3_mutations,45
H1N1,HA1,2025-03-31,4_mutations,17
H1N1,HA1,2025-03-31,identical,470
H1N1,HA1,2025-03-31,more_than_4_mutations,1
H1N1,HA1,2025-04-07,1_mutation,221
H1N1,HA1,2025-04-07,2_mutations,87
H1N1,HA1,2025-04-07,3_mutations,30
H1N1,HA1,2025-04-07,4_mutations,19
H1N1,HA1,2025-04-07,identical,423
H1N1,HA1,2025-04-07,more_than_4_mutations,1
H1N1,HA1,2025-04-14,1_mutation,183
H1N1,HA1,2025-04-14,2_mutations,57
H1N1,HA1,2025-04-14,3_mutations,16
H1N1,HA1,2025-04-14,4_mutations,3
H1N1,HA1,2025-04-14,identical,347
H1N1,HA1,2025-04-14,more_than_4_mutations,3
H1N1,HA1,2025-04-21,1_mutation,172
H1N1,HA1,2025-04-21,2_mutations,84
H1N1,HA1,2025-04-21,3_mutations,15
H1N1,HA1,2025-04-21,4_mutations,8
H1N1,HA1,2025-04-21,identical,319
H1N1,HA1,2025-04-21,more_than_4_mutations,5
H1N1,HA1,2025-04-28,1_mutation,176
H1N1,HA1,2025-04-28,2_mutations,53
H1N1,HA1,2025-04-28,3_mutations,25
H1N1,HA1,2025-04-28,4_mutations,10
H1N1,HA1,2025-04-28,identical,338
H1N1,HA1,2025-04-28,more_than_4_mutations,1
H1N1,HA1,2025-05-05,1_mutation,164
H1N1,HA1,2025-05-05,2_mutations,71
H1N1,HA1,2025-05-05,3_mutations,22
H1N1,HA1,2025-05-05,4_mutations,1
H1N1,HA1,2025-05-05,identical,300
H1N1,HA1,2025-05-05,more_than_4_mutations,4
H1N1,HA1,2025-05-12,1_mutation,184
H1N1,HA1,2025-05-12,2_mutations,65
H1N1,HA1,2025-05-12,3_mutations,26
H1N1,HA1,2025-05-12,4_mutations,12
H1N1,HA1,2025-05-12,identical,332
H1N1,HA1,2025-05-12,more_than_4_mutations,2
H1N1,HA1,2025-05-19,1_mutation,185
H1N1,HA1,2025-05-19,2_mutations,73
H1N1,HA1,2025-05-19,3_mutations,16
H1N1,HA1,2025-05-19,4_mutations,1
H1N1,HA1,2025-05-19,identical,318
H1N1,HA1,2025-05-19,more_than_4_mutations,2
H1N1,HA1,2025-05-26,1_mutation,178
H1N1,HA1,2025-05-26,2_mutations,68
H1N1,HA1,2025-05-26,3_mutations,15
H1N1,HA1,2025-05-26,4_mutations,3
H1N1,HA1,2025-05-26,identical,333
H1N1,HA1,2025-06-02,1_mutation,155
H1N1,HA1,2025-06-02,2_mutations,54
H1N1,HA1,2025-06-02,3_mutations,16
H1N1,HA1,2025-06-02,4_mutations,3
H1N1,HA1,2025-06-02,identical,335
H1N1,HA1,2025-06-02,more_than_4_mutations,2
H1N1,HA1,2025-06-09,1_mutation,139
H1N1,HA1,2025-06-09,2_mutations,33
H1N1,HA1,2025-06-09,3_mutations,28
H1N1,HA1,2025-06-09,4_mutations,1
H1N1,HA1,2025-06-09,identical,299
H1N1,HA1,2025-06-16,1_mutation,125
H1N1,HA1,2025-06-16,2_mutations,47
H1N1,HA1,2025-06-16,3_mutations,14
H1N1,HA1,2025-06-16,4_mutations,3
H1N1,HA1,2025-06-16,identical,265
H1N1,HA1,2025-06-23,1_mutation,140
H1N1,HA1,2025-06-23,2_mutations,33
H1N1,HA1,2025-06-23,3_mutations,19
H1N1,HA1,2025-06-23,identical,246
H1N1,HA1,2025-06-23,more_than_4_mutations,1
H1N1,HA1,2025-06-30,1_mutation,111
H1N1,HA1,2025-06-30,2_mutations,33
H1N1,HA1,2025-06-30,3_mutations,13
H1N1,HA1,2025-06-30,4_mutations,1
H1N1,HA1,2025-06-30,identical,224
H1N1,HA1,2025-06-30,more_than_4_mutations,1
H1N1,HA1,2025-07-07,1_mutation,144
H1N1,HA1,2025-07-07,2_mutations,33
H1N1,HA1,2025-07-07,3_mutations,12
H1N1,HA1,2025-07-07,4_mutations,1
H1N1,HA1,2025-07-07,identical,259
H1N1,HA1,2025-07-14,1_mutation,99
H1N1,HA1,2025-07-14,2_mutations,26
H1N1,HA1,2025-07-14,3_mutations,7
H1N1,HA1,2025-07-14,4_mutations,3
H1N1,HA1,2025-07-14,identical,236
H1N1,HA1,2025-07-14,more_than_4_mutations,3
H1N1,HA1,2025-07-21,1_mutation,102
H1N1,HA1,2025-07-21,2_mutations,36
H1N1,HA1,2025-07-21,3_mutations,9
H1N1,HA1,2025-07-21,4_mutations,3
H1N1,HA1,2025-07-21,identical,239
H1N1,HA1,2025-07-21,more_than_4_mutations,3
H1N1,HA1,2025-07-28,1_mutation,76
H1N1,HA1,2025-07-28,2_mutations,19
H1N1,HA1,2025-07-28,3_mutations,13
H1N1,HA1,2025-07-28,4_mutations,1
H1N1,HA1,2025-07-28,identical,193
H1N1,HA1,2025-08-04,1_mutation,111
H1N1,HA1,2025-08-04,2_mutations,25
H1N1,HA1,2025-08-04,3_mutations,10
H1N1,HA1,2025-08-04,4_mutations,2
H1N1,HA1,2025-08-04,identical,170
H1N1,HA1,2025-08-11,1_mutation,99
H1N1,HA1,2025-08-11,2_mutations,72
H1N1,HA1,2025-08-11,3_mutations,15
H1N1,HA1,2025-08-11,4_mutations,3
H1N1,HA1,2025-08-11,identical,182
H1N1,HA1,2025-08-11,more_than_4_mutations,1
H1N1,HA1,2025-08-18,1_mutation,96
H1N1,HA1,2025-08-18,2_mutations,59
H1N1,HA1,2025-08-18,3_mutations,12
H1N1,HA1,2025-08-18,4_mutations,2
H1N1,HA1,2025-08-18,identical,173
H1N1,HA1,2025-08-18,more_than_4_mutations,1
H1N1,HA1,2025-08-25,1_mutation,73
H1N1,HA1,2025-08-25,2_mutations,35
H1N1,HA1,2025-08-25,3_mutations,12
H1N1,HA1,2025-08-25,4_mutations,1
H1N1,HA1,2025-08-25,identical,211
H1N1,HA1,2025-08-25,more_than_4_mutations,1
H1N1,HA1,2025-09-01,1_mutation,84
H1N1,HA1,2025-09-01,2_mutations,35
H1N1,HA1,2025-09-01,3_mutations,8
H1N1,HA1,2025-09-01,4_mutations,1
H1N1,HA1,2025-09-01,identical,208
H1N1,HA1,2025-09-01,more_than_4_mutations,1
H1N1,HA1,2025-09-08,1_mutation,85
H1N1,HA1,2025-09-08,2_mutations,23
H1N1,HA1,2025-09-08,3_mutations,5
H1N1,HA1,2025-09-08,4_mutations,6
H1N1,HA1,2025-09-08,identical,208
H1N1,HA1,2025-09-08,more_than_4_mutations,1
H1N1,HA1,2025-09-15,1_mutation,79
H1N1,HA1,2025-09-15,2_mutations,21
H1N1,HA1,2025-09-15,3_mutations,7
H1N1,HA1,2025-09-15,identical,175
H1N1,HA1,2025-09-22,1_mutation,66
H1N1,HA1,2025-09-22,2_mutations,29
H1N1,HA1,2025-09-22,3_mutations,6
H1N1,HA1,2025-09-22,4_mutations,2
H1N1,HA1,2025-09-22,identical,168
H1N1,HA1,2025-09-22,more_than_4_mutations,1
H1N1,HA1,2025-09-29,1_mutation,80
H1N1,HA1,2025-09-29,2_mutations,34
H1N1,HA1,2025-09-29,3_mutations,9
H1N1,HA1,2025-09-29,4_mutations,4
H1N1,HA1,2025-09-29,identical,172
H1N1,HA1,2025-10-06,1_mutation,86
H1N1,HA1,2025-10-06,2_mutations,17
H1N1,HA1,2025-10-06,3_mutations,6
H1N1,HA1,2025-10-06,4_mutations,2
H1N1,HA1,2025-10-06,identical,250
H1N1,HA1,2025-10-13,1_mutation,62
H1N1,HA1,2025-10-13,2_mutations,22
H1N1,HA1,2025-10-13,3_mutations,2
H1N1,HA1,2025-10-13,4_mutations,2
H1N1,HA1,2025-10-13,identical,277
H1N1,HA1,2025-10-20,1_mutation,77
H1N1,HA1,2025-10-20,2_mutations,19
H1N1,HA1,2025-10-20,3_mutations,11
H1N1,HA1,2025-10-20,4_mutations,3
H1N1,HA1,2025-10-20,identical,272
H1N1,HA1,2025-10-27,1_mutation,70
H1N1,HA1,2025-10-27,2_mutations,15
H1N1,HA1,2025-10-27,3_mutations,4
H1N1,HA1,2025-10-27,4_mutations,1
H1N1,HA1,2025-10-27,identical,287
H1N1,HA1,2025-10-27,more_than_4_mutations,1
H1N1,HA1,2025-11-03,1_mutation,95
H1N1,HA1,2025-11-03,2_mutations,12
H1N1,HA1,2025-11-03,3_mutations,5
H1N1,HA1,2025-11-03,identical,270
H1N1,HA1,2025-11-10,1_mutation,103
H1N1,HA1,2025-11-10,2_mutations,13
H1N1,HA1,2025-11-10,3_mutations,6
H1N1,HA1,2025-11-10,identical,327
H1N1,HA1,2025-11-17,1_mutation,99
H1N1,HA1,2025-11-17,2_mutations,15
H1N1,HA1,2025-11-17,3_mutations,7
H1N1,HA1,2025-11-17,identical,330
H1N1,HA1,2025-11-24,1_mutation,148
H1N1,HA1,2025-11-24,2_mutations,15
H1N1,HA1,2025-11-24,3_mutations,3
H1N1,HA1,2025-11-24,4_mutations,1
H1N1,HA1,2025-11-24,identical,451
H1N1,HA1,2025-12-01,1_mutation,159
H1N1,HA1,2025-12-01,2_mutations,28
H1N1,HA1,2025-12-01,identical,485
H1N1,HA1,2025-12-08,1_mutation,136
H1N1,HA1,2025-12-08,2_mutations,19
H1N1,HA1,2025-12-08,3_mutations,6
H1N1,HA1,2025-12-08,identical,578
H1N1,HA1,2025-12-15,1_mutation,157
H1N1,HA1,2025-12-15,2_mutations,23
H1N1,HA1,2025-12-15,3_mutations,3
H1N1,HA1,2025-12-15,4_mutations,1
H1N1,HA1,2025-12-15,identical,523
H1N1,HA1,2025-12-22,1_mutation,123
H1N1,HA1,2025-12-22,2_mutations,28
H1N1,HA1,2025-12-22,3_mutations,5
H1N1,HA1,2025-12-22,4_mutations,4
H1N1,HA1,2025-12-22,identical,468
H1N1,HA1,2025-12-29,1_mutation,136
H1N1,HA1,2025-12-29,2_mutations,22
H1N1,HA1,2025-12-29,3_mutations,2
H1N1,HA1,2025-12-29,4_mutations,1
H1N1,HA1,2025-12-29,identical,411
H1N1,HA1,2026-01-05,1_mutation,131
H1N1,HA1,2026-01-05,2_mutations,16
H1N1,HA1,2026-01-05,3_mutations,2
H1N1,HA1,2026-01-05,4_mutations,2
H1N1,HA1,2026-01-05,identical,425
H1N1,HA1,2026-01-12,1_mutation,165
H1N1,HA1,2026-01-12,2_mutations,23
H1N1,HA1,2026-01-12,3_mutations,4
H1N1,HA1,2026-01-12,4_mutations,2
H1N1,HA1,2026-01-12,identical,399
H1N1,HA1,2026-01-19,1_mutation,120
H1N1,HA1,2026-01-19,2_mutations,22
H1N1,HA1,2026-01-19,3_mutations,1
H1N1,HA1,2026-01-19,4_mutations,1
H1N1,HA1,2026-01-19,identical,323
H1N1,HA1,2026-01-26,1_mutation,95
H1N1,HA1,2026-01-26,2_mutations,24
H1N1,HA1,2026-01-26,3_mutations,4
H1N1,HA1,2026-01-26,identical,335
H1N1,HA1,2026-02-02,1_mutation,110
H1N1,HA1,2026-02-02,2_mutations,20
H1N1,HA1,2026-02-02,3_mutations,4
H1N1,HA1,2026-02-02,identical,287
H1N1,HA1,2026-02-09,1_mutation,97
H1N1,HA1,2026-02-09,2_mutations,16
H1N1,HA1,2026-02-09,3_mutations,1
H1N1,HA1,2026-02-09,identical,247
H1N1,HA1,2026-02-16,1_mutation,81
H1N1,HA1,2026-02-16,2_mutations,18
H1N1,HA1,2026-02-16,3_mutations,2
H1N1,HA1,2026-02-16,identical,244
H1N1,HA1,2026-02-23,1_mutation,85
H1N1,HA1,2026-02-23,2_mutations,17
H1N1,HA1,2026-02-23,3_mutations,1
H1N1,HA1,2026-02-23,identical,218
H1N1,HA1,2026-03-02,1_mutation,75
H1N1,HA1,2026-03-02,2_mutations,10
H1N1,HA1,2026-03-02,3_mutations,2
H1N1,HA1,2026-03-02,identical,206
H1N1,HA1,2026-03-09,1_mutation,65
H1N1,HA1,2026-03-09,2_mutations,8
H1N1,HA1,2026-03-09,3_mutations,4
H1N1,HA1,2026-03-09,identical,169
H1N1,HA1,2026-03-16,1_mutation,45
H1N1,HA1,2026-03-16,2_mutations,6
H1N1,HA1,2026-03-16,3_mutations,2
H1N1,HA1,2026-03-16,identical,119
H1N1,HA1,2026-03-23,1_mutation,61
H1N1,HA1,2026-03-23,2_mutations,12
H1N1,HA1,2026-03-23,4_mutations,2
H1N1,HA1,2026-03-23,identical,117
H1N1,HA1,2026-03-30,1_mutation,42
H1N1,HA1,2026-03-30,2_mutations,6
H1N1,HA1,2026-03-30,3_mutations,1
H1N1,HA1,2026-03-30,4_mutations,1
H1N1,HA1,2026-03-30,identical,98
H1N1,HA1,2026-04-06,1_mutation,27
H1N1,HA1,2026-04-06,2_mutations,5
H1N1,HA1,2026-04-06,3_mutations,1
H1N1,HA1,2026-04-06,identical,82
H1N1,HA1,2026-04-13,1_mutation,23
H1N1,HA1,2026-04-13,2_mutations,11
H1N1,HA1,2026-04-13,identical,66
H1N1,HA1,2026-04-20,1_mutation,26
H1N1,HA1,2026-04-20,2_mutations,17
H1N1,HA1,2026-04-20,3_mutations,1
H1N1,HA1,2026-04-20,identical,83
H1N1,HA1,2026-04-27,1_mutation,28
H1N1,HA1,2026-04-27,2_mutations,9
H1N1,HA1,2026-04-27,3_mutations,2
H1N1,HA1,2026-04-27,identical,95
H1N1,HA1,2026-05-04,1_mutation,21
H1N1,HA1,2026-05-04,2_mutations,6
H1N1,HA1,2026-05-04,3_mutations,1
H1N1,HA1,2026-05-04,identical,74
H1N1,HA1,2026-05-11,1_mutation,24
H1N1,HA1,2026-05-11,2_mutations,9
H1N1,HA1,2026-05-11,3_mutations,2
H1N1,HA1,2026-05-11,identical,52
H1N1,HA1,2026-05-18,1_mutation,20
H1N1,HA1,2026-05-18,2_mutations,11
H1N1,HA1,2026-05-18,identical,50
H1N1,HA1,2026-05-25,1_mutation,26
H1N1,HA1,2026-05-25,2_mutations,7
H1N1,HA1,2026-05-25,identical,45
H1N1,HA1,2026-06-01,1_mutation,31
H1N1,HA1,2026-06-01,2_mutations,12
H1N1,HA1,2026-06-01,3_mutations,4
H1N1,HA1,2026-06-01,4_mutations,1
H1N1,HA1,2026-06-01,identical,39
H1N1,HA1,2026-06-08,1_mutation,28
H1N1,HA1,2026-06-08,2_mutations,5
H1N1,HA1,2026-06-08,3_mutations,3
H1N1,HA1,2026-06-08,4_mutations,1
H1N1,HA1,2026-06-08,identical,36
H1N1,HA1,2026-06-15,1_mutation,35
H1N1,HA1,2026-06-15,2_mutations,9
H1N1,HA1,2026-06-15,3_mutations,2
H1N1,HA1,2026-06-15,identical,29
H1N1,HA1,2026-06-22,1_mutation,26
H1N1,HA1,2026-06-22,2_mutations,18
H1N1,HA1,2026-06-22,3_mutations,3
H1N1,HA1,2026-06-22,4_mutations,1
H1N1,HA1,2026-06-22,identical,25
H1N1,HA1,2026-06-22,more_than_4_mutations,1
H1N1,HA1,2026-06-29,1_mutation,17
H1N1,HA1,2026-06-29,2_mutations,11
H1N1,HA1,2026-06-29,3_mutations,2
H1N1,HA1,2026-06-29,4_mutations,4
H1N1,HA1,2026-06-29,identical,26
H1N1,HA1,2026-07-06,1_mutation,20
H1N1,HA1,2026-07-06,2_mutations,4
H1N1,HA1,2026-07-06,3_mutations,1
H1N1,HA1,2026-07-06,4_mutations,1
H1N1,HA1,2026-07-06,identical,15
H1N1,HA1,2026-07-06,more_than_4_mutations,2
H1N1,HA1,2026-07-13,1_mutation,30
H1N1,HA1,2026-07-13,2_mutations,10
H1N1,HA1,2026-07-13,4_mutations,1
H1N1,HA1,2026-07-13,identical,9
H1N1,HA1,2026-07-20,1_mutation,29
H1N1,HA1,2026-07-20,2_mutations,15
H1N1,HA1,2026-07-20,3_mutations,3
H1N1,HA1,2026-07-20,identical,9
H1N1,HA1,2026-07-27,1_mutation,16
H1N1,HA1,2026-07-27,2_mutations,10
H1N1,HA1,2026-07-27,4_mutations,1
H1N1,HA1,2026-07-27,identical,9
H1N1,HA1,2026-08-03,1_mutation,23
H1N1,HA1,2026-08-03,2_mutations,26
H1N1,HA1,2026-08-03,identical,5
H1N1,HA1,2026-08-10,1_mutation,30
H1N1,HA1,2026-08-10,2_mutations,13
H1N1,HA1,2026-08-10,3_mutations,1
H1N1,HA1,2026-08-10,identical,3
H1N1,HA1,2026-08-17,1_mutation,1
H1N1,HA1,2026-08-17,2_mutations,5
H1N1,HA1,2026-08-17,4_mutations,1
H1N1,ectodomain,2024-09-02,1_mutation,51
H1N1,ectodomain,2024-09-02,2_mutations,52
H1N1,ectodomain,2024-09-02,3_mutations,18
H1N1,ectodomain,2024-09-02,4_mutations,8
H1N1,ectodomain,2024-09-02,identical,32
H1N1,ectodomain,2024-09-09,1_mutation,73
H1N1,ectodomain,2024-09-09,2_mutations,65
H1N1,ectodomain,2024-09-09,3_mutations,25
H1N1,ectodomain,2024-09-09,4_mutations,6
H1N1,ectodomain,2024-09-09,identical,32
H1N1,ectodomain,2024-09-09,more_than_4_mutations,4
H1N1,ectodomain,2024-09-16,1_mutation,62
H1N1,ectodomain,2024-09-16,2_mutations,80
H1N1,ectodomain,2024-09-16,3_mutations,24
H1N1,ectodomain,2024-09-16,4_mutations,8
H1N1,ectodomain,2024-09-16,identical,42
H1N1,ectodomain,2024-09-16,more_than_4_mutations,2
H1N1,ectodomain,2024-09-23,1_mutation,50
H1N1,ectodomain,2024-09-23,2_mutations,65
H1N1,ectodomain,2024-09-23,3_mutations,34
H1N1,ectodomain,2024-09-23,4_mutations,8
H1N1,ectodomain,2024-09-23,identical,31
H1N1,ectodomain,2024-09-23,more_than_4_mutations,4
H1N1,ectodomain,2024-09-30,1_mutation,52
H1N1,ectodomain,2024-09-30,2_mutations,61
H1N1,ectodomain,2024-09-30,3_mutations,22
H1N1,ectodomain,2024-09-30,4_mutations,11
H1N1,ectodomain,2024-09-30,identical,37
H1N1,ectodomain,2024-09-30,more_than_4_mutations,2
H1N1,ectodomain,2024-10-07,1_mutation,68
H1N1,ectodomain,2024-10-07,2_mutations,73
H1N1,ectodomain,2024-10-07,3_mutations,26
H1N1,ectodomain,2024-10-07,4_mutations,16
H1N1,ectodomain,2024-10-07,identical,58
H1N1,ectodomain,2024-10-07,more_than_4_mutations,3
H1N1,ectodomain,2024-10-14,1_mutation,66
H1N1,ectodomain,2024-10-14,2_mutations,74
H1N1,ectodomain,2024-10-14,3_mutations,31
H1N1,ectodomain,2024-10-14,4_mutations,11
H1N1,ectodomain,2024-10-14,identical,66
H1N1,ectodomain,2024-10-14,more_than_4_mutations,5
H1N1,ectodomain,2024-10-21,1_mutation,84
H1N1,ectodomain,2024-10-21,2_mutations,95
H1N1,ectodomain,2024-10-21,3_mutations,51
H1N1,ectodomain,2024-10-21,4_mutations,19
H1N1,ectodomain,2024-10-21,identical,97
H1N1,ectodomain,2024-10-21,more_than_4_mutations,17
H1N1,ectodomain,2024-10-28,1_mutation,101
H1N1,ectodomain,2024-10-28,2_mutations,75
H1N1,ectodomain,2024-10-28,3_mutations,47
H1N1,ectodomain,2024-10-28,4_mutations,12
H1N1,ectodomain,2024-10-28,identical,68
H1N1,ectodomain,2024-10-28,more_than_4_mutations,13
H1N1,ectodomain,2024-11-04,1_mutation,110
H1N1,ectodomain,2024-11-04,2_mutations,133
H1N1,ectodomain,2024-11-04,3_mutations,54
H1N1,ectodomain,2024-11-04,4_mutations,20
H1N1,ectodomain,2024-11-04,identical,79
H1N1,ectodomain,2024-11-04,more_than_4_mutations,9
H1N1,ectodomain,2024-11-11,1_mutation,136
H1N1,ectodomain,2024-11-11,2_mutations,103
H1N1,ectodomain,2024-11-11,3_mutations,57
H1N1,ectodomain,2024-11-11,4_mutations,11
H1N1,ectodomain,2024-11-11,identical,97
H1N1,ectodomain,2024-11-11,more_than_4_mutations,8
H1N1,ectodomain,2024-11-18,1_mutation,176
H1N1,ectodomain,2024-11-18,2_mutations,131
H1N1,ectodomain,2024-11-18,3_mutations,44
H1N1,ectodomain,2024-11-18,4_mutations,18
H1N1,ectodomain,2024-11-18,identical,136
H1N1,ectodomain,2024-11-18,more_than_4_mutations,11
H1N1,ectodomain,2024-11-25,1_mutation,181
H1N1,ectodomain,2024-11-25,2_mutations,163
H1N1,ectodomain,2024-11-25,3_mutations,83
H1N1,ectodomain,2024-11-25,4_mutations,34
H1N1,ectodomain,2024-11-25,identical,196
H1N1,ectodomain,2024-11-25,more_than_4_mutations,12
H1N1,ectodomain,2024-12-02,1_mutation,241
H1N1,ectodomain,2024-12-02,2_mutations,196
H1N1,ectodomain,2024-12-02,3_mutations,95
H1N1,ectodomain,2024-12-02,4_mutations,43
H1N1,ectodomain,2024-12-02,identical,222
H1N1,ectodomain,2024-12-02,more_than_4_mutations,15
H1N1,ectodomain,2024-12-09,1_mutation,343
H1N1,ectodomain,2024-12-09,2_mutations,231
H1N1,ectodomain,2024-12-09,3_mutations,133
H1N1,ectodomain,2024-12-09,4_mutations,50
H1N1,ectodomain,2024-12-09,identical,301
H1N1,ectodomain,2024-12-09,more_than_4_mutations,13
H1N1,ectodomain,2024-12-16,1_mutation,392
H1N1,ectodomain,2024-12-16,2_mutations,268
H1N1,ectodomain,2024-12-16,3_mutations,142
H1N1,ectodomain,2024-12-16,4_mutations,58
H1N1,ectodomain,2024-12-16,identical,329
H1N1,ectodomain,2024-12-16,more_than_4_mutations,19
H1N1,ectodomain,2024-12-23,1_mutation,333
H1N1,ectodomain,2024-12-23,2_mutations,260
H1N1,ectodomain,2024-12-23,3_mutations,122
H1N1,ectodomain,2024-12-23,4_mutations,52
H1N1,ectodomain,2024-12-23,identical,326
H1N1,ectodomain,2024-12-23,more_than_4_mutations,13
H1N1,ectodomain,2024-12-30,1_mutation,448
H1N1,ectodomain,2024-12-30,2_mutations,342
H1N1,ectodomain,2024-12-30,3_mutations,168
H1N1,ectodomain,2024-12-30,4_mutations,51
H1N1,ectodomain,2024-12-30,identical,446
H1N1,ectodomain,2024-12-30,more_than_4_mutations,20
H1N1,ectodomain,2025-01-06,1_mutation,493
H1N1,ectodomain,2025-01-06,2_mutations,395
H1N1,ectodomain,2025-01-06,3_mutations,185
H1N1,ectodomain,2025-01-06,4_mutations,70
H1N1,ectodomain,2025-01-06,identical,533
H1N1,ectodomain,2025-01-06,more_than_4_mutations,29
H1N1,ectodomain,2025-01-13,1_mutation,548
H1N1,ectodomain,2025-01-13,2_mutations,461
H1N1,ectodomain,2025-01-13,3_mutations,221
H1N1,ectodomain,2025-01-13,4_mutations,72
H1N1,ectodomain,2025-01-13,identical,683
H1N1,ectodomain,2025-01-13,more_than_4_mutations,26
H1N1,ectodomain,2025-01-20,1_mutation,562
H1N1,ectodomain,2025-01-20,2_mutations,427
H1N1,ectodomain,2025-01-20,3_mutations,186
H1N1,ectodomain,2025-01-20,4_mutations,76
H1N1,ectodomain,2025-01-20,identical,726
H1N1,ectodomain,2025-01-20,more_than_4_mutations,15
H1N1,ectodomain,2025-01-27,1_mutation,493
H1N1,ectodomain,2025-01-27,2_mutations,351
H1N1,ectodomain,2025-01-27,3_mutations,213
H1N1,ectodomain,2025-01-27,4_mutations,73
H1N1,ectodomain,2025-01-27,identical,805
H1N1,ectodomain,2025-01-27,more_than_4_mutations,21
H1N1,ectodomain,2025-02-03,1_mutation,443
H1N1,ectodomain,2025-02-03,2_mutations,349
H1N1,ectodomain,2025-02-03,3_mutations,140
H1N1,ectodomain,2025-02-03,4_mutations,56
H1N1,ectodomain,2025-02-03,identical,741
H1N1,ectodomain,2025-02-03,more_than_4_mutations,15
H1N1,ectodomain,2025-02-10,1_mutation,413
H1N1,ectodomain,2025-02-10,2_mutations,327
H1N1,ectodomain,2025-02-10,3_mutations,140
H1N1,ectodomain,2025-02-10,4_mutations,63
H1N1,ectodomain,2025-02-10,identical,688
H1N1,ectodomain,2025-02-10,more_than_4_mutations,17
H1N1,ectodomain,2025-02-17,1_mutation,341
H1N1,ectodomain,2025-02-17,2_mutations,231
H1N1,ectodomain,2025-02-17,3_mutations,115
H1N1,ectodomain,2025-02-17,4_mutations,37
H1N1,ectodomain,2025-02-17,identical,658
H1N1,ectodomain,2025-02-17,more_than_4_mutations,17
H1N1,ectodomain,2025-02-24,1_mutation,349
H1N1,ectodomain,2025-02-24,2_mutations,167
H1N1,ectodomain,2025-02-24,3_mutations,92
H1N1,ectodomain,2025-02-24,4_mutations,27
H1N1,ectodomain,2025-02-24,identical,596
H1N1,ectodomain,2025-02-24,more_than_4_mutations,19
H1N1,ectodomain,2025-03-03,1_mutation,281
H1N1,ectodomain,2025-03-03,2_mutations,155
H1N1,ectodomain,2025-03-03,3_mutations,79
H1N1,ectodomain,2025-03-03,4_mutations,20
H1N1,ectodomain,2025-03-03,identical,485
H1N1,ectodomain,2025-03-03,more_than_4_mutations,11
H1N1,ectodomain,2025-03-10,1_mutation,225
H1N1,ectodomain,2025-03-10,2_mutations,137
H1N1,ectodomain,2025-03-10,3_mutations,66
H1N1,ectodomain,2025-03-10,4_mutations,28
H1N1,ectodomain,2025-03-10,identical,463
H1N1,ectodomain,2025-03-10,more_than_4_mutations,9
H1N1,ectodomain,2025-03-17,1_mutation,256
H1N1,ectodomain,2025-03-17,2_mutations,72
H1N1,ectodomain,2025-03-17,3_mutations,66
H1N1,ectodomain,2025-03-17,4_mutations,24
H1N1,ectodomain,2025-03-17,identical,483
H1N1,ectodomain,2025-03-17,more_than_4_mutations,5
H1N1,ectodomain,2025-03-24,1_mutation,214
H1N1,ectodomain,2025-03-24,2_mutations,105
H1N1,ectodomain,2025-03-24,3_mutations,46
H1N1,ectodomain,2025-03-24,4_mutations,28
H1N1,ectodomain,2025-03-24,identical,401
H1N1,ectodomain,2025-03-24,more_than_4_mutations,12
H1N1,ectodomain,2025-03-31,1_mutation,216
H1N1,ectodomain,2025-03-31,2_mutations,93
H1N1,ectodomain,2025-03-31,3_mutations,61
H1N1,ectodomain,2025-03-31,4_mutations,23
H1N1,ectodomain,2025-03-31,identical,427
H1N1,ectodomain,2025-03-31,more_than_4_mutations,9
H1N1,ectodomain,2025-04-07,1_mutation,219
H1N1,ectodomain,2025-04-07,2_mutations,91
H1N1,ectodomain,2025-04-07,3_mutations,50
H1N1,ectodomain,2025-04-07,4_mutations,24
H1N1,ectodomain,2025-04-07,identical,391
H1N1,ectodomain,2025-04-07,more_than_4_mutations,6
H1N1,ectodomain,2025-04-14,1_mutation,202
H1N1,ectodomain,2025-04-14,2_mutations,54
H1N1,ectodomain,2025-04-14,3_mutations,28
H1N1,ectodomain,2025-04-14,4_mutations,6
H1N1,ectodomain,2025-04-14,identical,314
H1N1,ectodomain,2025-04-14,more_than_4_mutations,5
H1N1,ectodomain,2025-04-21,1_mutation,182
H1N1,ectodomain,2025-04-21,2_mutations,84
H1N1,ectodomain,2025-04-21,3_mutations,28
H1N1,ectodomain,2025-04-21,4_mutations,12
H1N1,ectodomain,2025-04-21,identical,291
H1N1,ectodomain,2025-04-21,more_than_4_mutations,6
H1N1,ectodomain,2025-04-28,1_mutation,188
H1N1,ectodomain,2025-04-28,2_mutations,61
H1N1,ectodomain,2025-04-28,3_mutations,28
H1N1,ectodomain,2025-04-28,4_mutations,18
H1N1,ectodomain,2025-04-28,identical,306
H1N1,ectodomain,2025-04-28,more_than_4_mutations,2
H1N1,ectodomain,2025-05-05,1_mutation,176
H1N1,ectodomain,2025-05-05,2_mutations,69
H1N1,ectodomain,2025-05-05,3_mutations,27
H1N1,ectodomain,2025-05-05,4_mutations,10
H1N1,ectodomain,2025-05-05,identical,276
H1N1,ectodomain,2025-05-05,more_than_4_mutations,4
H1N1,ectodomain,2025-05-12,1_mutation,188
H1N1,ectodomain,2025-05-12,2_mutations,74
H1N1,ectodomain,2025-05-12,3_mutations,31
H1N1,ectodomain,2025-05-12,4_mutations,13
H1N1,ectodomain,2025-05-12,identical,311
H1N1,ectodomain,2025-05-12,more_than_4_mutations,4
H1N1,ectodomain,2025-05-19,1_mutation,175
H1N1,ectodomain,2025-05-19,2_mutations,93
H1N1,ectodomain,2025-05-19,3_mutations,31
H1N1,ectodomain,2025-05-19,4_mutations,3
H1N1,ectodomain,2025-05-19,identical,291
H1N1,ectodomain,2025-05-19,more_than_4_mutations,2
H1N1,ectodomain,2025-05-26,1_mutation,195
H1N1,ectodomain,2025-05-26,2_mutations,82
H1N1,ectodomain,2025-05-26,3_mutations,24
H1N1,ectodomain,2025-05-26,4_mutations,4
H1N1,ectodomain,2025-05-26,identical,292
H1N1,ectodomain,2025-06-02,1_mutation,174
H1N1,ectodomain,2025-06-02,2_mutations,64
H1N1,ectodomain,2025-06-02,3_mutations,21
H1N1,ectodomain,2025-06-02,4_mutations,5
H1N1,ectodomain,2025-06-02,identical,298
H1N1,ectodomain,2025-06-02,more_than_4_mutations,3
H1N1,ectodomain,2025-06-09,1_mutation,145
H1N1,ectodomain,2025-06-09,2_mutations,51
H1N1,ectodomain,2025-06-09,3_mutations,29
H1N1,ectodomain,2025-06-09,4_mutations,2
H1N1,ectodomain,2025-06-09,identical,273
H1N1,ectodomain,2025-06-16,1_mutation,136
H1N1,ectodomain,2025-06-16,2_mutations,49
H1N1,ectodomain,2025-06-16,3_mutations,19
H1N1,ectodomain,2025-06-16,4_mutations,7
H1N1,ectodomain,2025-06-16,identical,243
H1N1,ectodomain,2025-06-23,1_mutation,160
H1N1,ectodomain,2025-06-23,2_mutations,44
H1N1,ectodomain,2025-06-23,3_mutations,26
H1N1,ectodomain,2025-06-23,identical,208
H1N1,ectodomain,2025-06-23,more_than_4_mutations,1
H1N1,ectodomain,2025-06-30,1_mutation,131
H1N1,ectodomain,2025-06-30,2_mutations,40
H1N1,ectodomain,2025-06-30,3_mutations,20
H1N1,ectodomain,2025-06-30,4_mutations,2
H1N1,ectodomain,2025-06-30,identical,189
H1N1,ectodomain,2025-06-30,more_than_4_mutations,1
H1N1,ectodomain,2025-07-07,1_mutation,149
H1N1,ectodomain,2025-07-07,2_mutations,48
H1N1,ectodomain,2025-07-07,3_mutations,12
H1N1,ectodomain,2025-07-07,4_mutations,4
H1N1,ectodomain,2025-07-07,identical,234
H1N1,ectodomain,2025-07-07,more_than_4_mutations,2
H1N1,ectodomain,2025-07-14,1_mutation,106
H1N1,ectodomain,2025-07-14,2_mutations,41
H1N1,ectodomain,2025-07-14,3_mutations,6
H1N1,ectodomain,2025-07-14,4_mutations,3
H1N1,ectodomain,2025-07-14,identical,213
H1N1,ectodomain,2025-07-14,more_than_4_mutations,5
H1N1,ectodomain,2025-07-21,1_mutation,118
H1N1,ectodomain,2025-07-21,2_mutations,48
H1N1,ectodomain,2025-07-21,3_mutations,10
H1N1,ectodomain,2025-07-21,4_mutations,3
H1N1,ectodomain,2025-07-21,identical,209
H1N1,ectodomain,2025-07-21,more_than_4_mutations,4
H1N1,ectodomain,2025-07-28,1_mutation,103
H1N1,ectodomain,2025-07-28,2_mutations,28
H1N1,ectodomain,2025-07-28,3_mutations,15
H1N1,ectodomain,2025-07-28,4_mutations,2
H1N1,ectodomain,2025-07-28,identical,154
H1N1,ectodomain,2025-08-04,1_mutation,121
H1N1,ectodomain,2025-08-04,2_mutations,45
H1N1,ectodomain,2025-08-04,3_mutations,13
H1N1,ectodomain,2025-08-04,4_mutations,1
H1N1,ectodomain,2025-08-04,identical,136
H1N1,ectodomain,2025-08-04,more_than_4_mutations,2
H1N1,ectodomain,2025-08-11,1_mutation,113
H1N1,ectodomain,2025-08-11,2_mutations,84
H1N1,ectodomain,2025-08-11,3_mutations,14
H1N1,ectodomain,2025-08-11,4_mutations,8
H1N1,ectodomain,2025-08-11,identical,151
H1N1,ectodomain,2025-08-11,more_than_4_mutations,2
H1N1,ectodomain,2025-08-18,1_mutation,100
H1N1,ectodomain,2025-08-18,2_mutations,75
H1N1,ectodomain,2025-08-18,3_mutations,12
H1N1,ectodomain,2025-08-18,4_mutations,4
H1N1,ectodomain,2025-08-18,identical,151
H1N1,ectodomain,2025-08-18,more_than_4_mutations,1
H1N1,ectodomain,2025-08-25,1_mutation,74
H1N1,ectodomain,2025-08-25,2_mutations,44
H1N1,ectodomain,2025-08-25,3_mutations,14
H1N1,ectodomain,2025-08-25,4_mutations,6
H1N1,ectodomain,2025-08-25,identical,193
H1N1,ectodomain,2025-08-25,more_than_4_mutations,2
H1N1,ectodomain,2025-09-01,1_mutation,89
H1N1,ectodomain,2025-09-01,2_mutations,50
H1N1,ectodomain,2025-09-01,3_mutations,10
H1N1,ectodomain,2025-09-01,4_mutations,2
H1N1,ectodomain,2025-09-01,identical,185
H1N1,ectodomain,2025-09-01,more_than_4_mutations,1
H1N1,ectodomain,2025-09-08,1_mutation,97
H1N1,ectodomain,2025-09-08,2_mutations,33
H1N1,ectodomain,2025-09-08,3_mutations,9
H1N1,ectodomain,2025-09-08,4_mutations,6
H1N1,ectodomain,2025-09-08,identical,180
H1N1,ectodomain,2025-09-08,more_than_4_mutations,3
H1N1,ectodomain,2025-09-15,1_mutation,90
H1N1,ectodomain,2025-09-15,2_mutations,35
H1N1,ectodomain,2025-09-15,3_mutations,6
H1N1,ectodomain,2025-09-15,4_mutations,3
H1N1,ectodomain,2025-09-15,identical,148
H1N1,ectodomain,2025-09-22,1_mutation,91
H1N1,ectodomain,2025-09-22,2_mutations,33
H1N1,ectodomain,2025-09-22,3_mutations,12
H1N1,ectodomain,2025-09-22,4_mutations,1
H1N1,ectodomain,2025-09-22,identical,133
H1N1,ectodomain,2025-09-22,more_than_4_mutations,2
H1N1,ectodomain,2025-09-29,1_mutation,81
H1N1,ectodomain,2025-09-29,2_mutations,48
H1N1,ectodomain,2025-09-29,3_mutations,14
H1N1,ectodomain,2025-09-29,identical,151
H1N1,ectodomain,2025-09-29,more_than_4_mutations,5
H1N1,ectodomain,2025-10-06,1_mutation,90
H1N1,ectodomain,2025-10-06,2_mutations,36
H1N1,ectodomain,2025-10-06,3_mutations,7
H1N1,ectodomain,2025-10-06,identical,225
H1N1,ectodomain,2025-10-06,more_than_4_mutations,3
H1N1,ectodomain,2025-10-13,1_mutation,70
H1N1,ectodomain,2025-10-13,2_mutations,26
H1N1,ectodomain,2025-10-13,3_mutations,7
H1N1,ectodomain,2025-10-13,4_mutations,1
H1N1,ectodomain,2025-10-13,identical,260
H1N1,ectodomain,2025-10-13,more_than_4_mutations,1
H1N1,ectodomain,2025-10-20,1_mutation,86
H1N1,ectodomain,2025-10-20,2_mutations,24
H1N1,ectodomain,2025-10-20,3_mutations,10
H1N1,ectodomain,2025-10-20,4_mutations,5
H1N1,ectodomain,2025-10-20,identical,256
H1N1,ectodomain,2025-10-20,more_than_4_mutations,1
H1N1,ectodomain,2025-10-27,1_mutation,93
H1N1,ectodomain,2025-10-27,2_mutations,17
H1N1,ectodomain,2025-10-27,3_mutations,7
H1N1,ectodomain,2025-10-27,4_mutations,1
H1N1,ectodomain,2025-10-27,identical,259
H1N1,ectodomain,2025-10-27,more_than_4_mutations,1
H1N1,ectodomain,2025-11-03,1_mutation,111
H1N1,ectodomain,2025-11-03,2_mutations,20
H1N1,ectodomain,2025-11-03,3_mutations,6
H1N1,ectodomain,2025-11-03,4_mutations,1
H1N1,ectodomain,2025-11-03,identical,244
H1N1,ectodomain,2025-11-10,1_mutation,129
H1N1,ectodomain,2025-11-10,2_mutations,24
H1N1,ectodomain,2025-11-10,3_mutations,9
H1N1,ectodomain,2025-11-10,identical,287
H1N1,ectodomain,2025-11-17,1_mutation,116
H1N1,ectodomain,2025-11-17,2_mutations,22
H1N1,ectodomain,2025-11-17,3_mutations,8
H1N1,ectodomain,2025-11-17,identical,305
H1N1,ectodomain,2025-11-24,1_mutation,179
H1N1,ectodomain,2025-11-24,2_mutations,30
H1N1,ectodomain,2025-11-24,3_mutations,6
H1N1,ectodomain,2025-11-24,4_mutations,3
H1N1,ectodomain,2025-11-24,identical,400
H1N1,ectodomain,2025-12-01,1_mutation,202
H1N1,ectodomain,2025-12-01,2_mutations,35
H1N1,ectodomain,2025-12-01,3_mutations,7
H1N1,ectodomain,2025-12-01,4_mutations,3
H1N1,ectodomain,2025-12-01,identical,425
H1N1,ectodomain,2025-12-08,1_mutation,185
H1N1,ectodomain,2025-12-08,2_mutations,37
H1N1,ectodomain,2025-12-08,3_mutations,9
H1N1,ectodomain,2025-12-08,identical,508
H1N1,ectodomain,2025-12-15,1_mutation,195
H1N1,ectodomain,2025-12-15,2_mutations,33
H1N1,ectodomain,2025-12-15,3_mutations,7
H1N1,ectodomain,2025-12-15,4_mutations,3
H1N1,ectodomain,2025-12-15,identical,469
H1N1,ectodomain,2025-12-22,1_mutation,166
H1N1,ectodomain,2025-12-22,2_mutations,46
H1N1,ectodomain,2025-12-22,3_mutations,5
H1N1,ectodomain,2025-12-22,4_mutations,3
H1N1,ectodomain,2025-12-22,identical,407
H1N1,ectodomain,2025-12-22,more_than_4_mutations,1
H1N1,ectodomain,2025-12-29,1_mutation,185
H1N1,ectodomain,2025-12-29,2_mutations,35
H1N1,ectodomain,2025-12-29,3_mutations,4
H1N1,ectodomain,2025-12-29,4_mutations,3
H1N1,ectodomain,2025-12-29,identical,345
H1N1,ectodomain,2026-01-05,1_mutation,181
H1N1,ectodomain,2026-01-05,2_mutations,34
H1N1,ectodomain,2026-01-05,3_mutations,4
H1N1,ectodomain,2026-01-05,4_mutations,2
H1N1,ectodomain,2026-01-05,identical,355
H1N1,ectodomain,2026-01-12,1_mutation,183
H1N1,ectodomain,2026-01-12,2_mutations,48
H1N1,ectodomain,2026-01-12,3_mutations,6
H1N1,ectodomain,2026-01-12,4_mutations,1
H1N1,ectodomain,2026-01-12,identical,354
H1N1,ectodomain,2026-01-12,more_than_4_mutations,1
H1N1,ectodomain,2026-01-19,1_mutation,135
H1N1,ectodomain,2026-01-19,2_mutations,45
H1N1,ectodomain,2026-01-19,3_mutations,4
H1N1,ectodomain,2026-01-19,4_mutations,1
H1N1,ectodomain,2026-01-19,identical,282
H1N1,ectodomain,2026-01-26,1_mutation,108
H1N1,ectodomain,2026-01-26,2_mutations,38
H1N1,ectodomain,2026-01-26,3_mutations,9
H1N1,ectodomain,2026-01-26,identical,303
H1N1,ectodomain,2026-02-02,1_mutation,131
H1N1,ectodomain,2026-02-02,2_mutations,42
H1N1,ectodomain,2026-02-02,3_mutations,5
H1N1,ectodomain,2026-02-02,identical,243
H1N1,ectodomain,2026-02-09,1_mutation,118
H1N1,ectodomain,2026-02-09,2_mutations,29
H1N1,ectodomain,2026-02-09,3_mutations,6
H1N1,ectodomain,2026-02-09,4_mutations,1
H1N1,ectodomain,2026-02-09,identical,207
H1N1,ectodomain,2026-02-16,1_mutation,110
H1N1,ectodomain,2026-02-16,2_mutations,27
H1N1,ectodomain,2026-02-16,3_mutations,4
H1N1,ectodomain,2026-02-16,4_mutations,2
H1N1,ectodomain,2026-02-16,identical,202
H1N1,ectodomain,2026-02-23,1_mutation,110
H1N1,ectodomain,2026-02-23,2_mutations,24
H1N1,ectodomain,2026-02-23,3_mutations,4
H1N1,ectodomain,2026-02-23,identical,183
H1N1,ectodomain,2026-03-02,1_mutation,107
H1N1,ectodomain,2026-03-02,2_mutations,18
H1N1,ectodomain,2026-03-02,3_mutations,5
H1N1,ectodomain,2026-03-02,identical,163
H1N1,ectodomain,2026-03-09,1_mutation,83
H1N1,ectodomain,2026-03-09,2_mutations,19
H1N1,ectodomain,2026-03-09,3_mutations,3
H1N1,ectodomain,2026-03-09,4_mutations,1
H1N1,ectodomain,2026-03-09,identical,140
H1N1,ectodomain,2026-03-16,1_mutation,56
H1N1,ectodomain,2026-03-16,2_mutations,12
H1N1,ectodomain,2026-03-16,3_mutations,1
H1N1,ectodomain,2026-03-16,4_mutations,1
H1N1,ectodomain,2026-03-16,identical,102
H1N1,ectodomain,2026-03-23,1_mutation,67
H1N1,ectodomain,2026-03-23,2_mutations,17
H1N1,ectodomain,2026-03-23,3_mutations,2
H1N1,ectodomain,2026-03-23,4_mutations,1
H1N1,ectodomain,2026-03-23,identical,104
H1N1,ectodomain,2026-03-23,more_than_4_mutations,1
H1N1,ectodomain,2026-03-30,1_mutation,47
H1N1,ectodomain,2026-03-30,2_mutations,10
H1N1,ectodomain,2026-03-30,3_mutations,4
H1N1,ectodomain,2026-03-30,4_mutations,1
H1N1,ectodomain,2026-03-30,identical,86
H1N1,ectodomain,2026-04-06,1_mutation,40
H1N1,ectodomain,2026-04-06,2_mutations,8
H1N1,ectodomain,2026-04-06,3_mutations,2
H1N1,ectodomain,2026-04-06,identical,65
H1N1,ectodomain,2026-04-13,1_mutation,25
H1N1,ectodomain,2026-04-13,2_mutations,16
H1N1,ectodomain,2026-04-13,3_mutations,1
H1N1,ectodomain,2026-04-13,identical,58
H1N1,ectodomain,2026-04-20,1_mutation,29
H1N1,ectodomain,2026-04-20,2_mutations,24
H1N1,ectodomain,2026-04-20,3_mutations,2
H1N1,ectodomain,2026-04-20,identical,72
H1N1,ectodomain,2026-04-27,1_mutation,34
H1N1,ectodomain,2026-04-27,2_mutations,22
H1N1,ectodomain,2026-04-27,3_mutations,2
H1N1,ectodomain,2026-04-27,identical,76
H1N1,ectodomain,2026-05-04,1_mutation,26
H1N1,ectodomain,2026-05-04,2_mutations,12
H1N1,ectodomain,2026-05-04,3_mutations,2
H1N1,ectodomain,2026-05-04,identical,62
H1N1,ectodomain,2026-05-11,1_mutation,34
H1N1,ectodomain,2026-05-11,2_mutations,12
H1N1,ectodomain,2026-05-11,3_mutations,3
H1N1,ectodomain,2026-05-11,4_mutations,1
H1N1,ectodomain,2026-05-11,identical,37
H1N1,ectodomain,2026-05-18,1_mutation,26
H1N1,ectodomain,2026-05-18,2_mutations,10
H1N1,ectodomain,2026-05-18,3_mutations,3
H1N1,ectodomain,2026-05-18,identical,42
H1N1,ectodomain,2026-05-25,1_mutation,36
H1N1,ectodomain,2026-05-25,2_mutations,6
H1N1,ectodomain,2026-05-25,3_mutations,2
H1N1,ectodomain,2026-05-25,4_mutations,1
H1N1,ectodomain,2026-05-25,identical,33
H1N1,ectodomain,2026-06-01,1_mutation,34
H1N1,ectodomain,2026-06-01,2_mutations,16
H1N1,ectodomain,2026-06-01,3_mutations,1
H1N1,ectodomain,2026-06-01,4_mutations,3
H1N1,ectodomain,2026-06-01,identical,31
H1N1,ectodomain,2026-06-01,more_than_4_mutations,2
H1N1,ectodomain,2026-06-08,1_mutation,32
H1N1,ectodomain,2026-06-08,2_mutations,9
H1N1,ectodomain,2026-06-08,4_mutations,3
H1N1,ectodomain,2026-06-08,identical,28
H1N1,ectodomain,2026-06-08,more_than_4_mutations,1
H1N1,ectodomain,2026-06-15,1_mutation,33
H1N1,ectodomain,2026-06-15,2_mutations,13
H1N1,ectodomain,2026-06-15,3_mutations,3
H1N1,ectodomain,2026-06-15,4_mutations,1
H1N1,ectodomain,2026-06-15,identical,25
H1N1,ectodomain,2026-06-22,1_mutation,27
H1N1,ectodomain,2026-06-22,2_mutations,20
H1N1,ectodomain,2026-06-22,3_mutations,8
H1N1,ectodomain,2026-06-22,4_mutations,2
H1N1,ectodomain,2026-06-22,identical,15
H1N1,ectodomain,2026-06-22,more_than_4_mutations,2
H1N1,ectodomain,2026-06-29,1_mutation,26
H1N1,ectodomain,2026-06-29,2_mutations,9
H1N1,ectodomain,2026-06-29,3_mutations,4
H1N1,ectodomain,2026-06-29,4_mutations,1
H1N1,ectodomain,2026-06-29,identical,16
H1N1,ectodomain,2026-06-29,more_than_4_mutations,4
H1N1,ectodomain,2026-07-06,1_mutation,20
H1N1,ectodomain,2026-07-06,2_mutations,6
H1N1,ectodomain,2026-07-06,3_mutations,2
H1N1,ectodomain,2026-07-06,identical,12
H1N1,ectodomain,2026-07-06,more_than_4_mutations,3
H1N1,ectodomain,2026-07-13,1_mutation,33
H1N1,ectodomain,2026-07-13,2_mutations,7
H1N1,ectodomain,2026-07-13,3_mutations,3
H1N1,ectodomain,2026-07-13,4_mutations,1
H1N1,ectodomain,2026-07-13,identical,5
H1N1,ectodomain,2026-07-13,more_than_4_mutations,1
H1N1,ectodomain,2026-07-20,1_mutation,26
H1N1,ectodomain,2026-07-20,2_mutations,14
H1N1,ectodomain,2026-07-20,3_mutations,7
H1N1,ectodomain,2026-07-20,4_mutations,1
H1N1,ectodomain,2026-07-20,identical,8
H1N1,ectodomain,2026-07-27,1_mutation,13
H1N1,ectodomain,2026-07-27,2_mutations,14
H1N1,ectodomain,2026-07-27,identical,8
H1N1,ectodomain,2026-07-27,more_than_4_mutations,1
H1N1,ectodomain,2026-08-03,1_mutation,20
H1N1,ectodomain,2026-08-03,2_mutations,20
H1N1,ectodomain,2026-08-03,3_mutations,9
H1N1,ectodomain,2026-08-03,identical,5
H1N1,ectodomain,2026-08-10,1_mutation,29
H1N1,ectodomain,2026-08-10,2_mutations,10
H1N1,ectodomain,2026-08-10,3_mutations,4
H1N1,ectodomain,2026-08-10,4_mutations,1
H1N1,ectodomain,2026-08-10,identical,3
H1N1,ectodomain,2026-08-17,1_mutation,1
H1N1,ectodomain,2026-08-17,2_mutations,3
H1N1,ectodomain,2026-08-17,3_mutations,2
H1N1,ectodomain,2026-08-17,4_mutations,1
H3N2,HA1,2024-09-02,1_mutation,85
H3N2,HA1,2024-09-02,2_mutations,68
H3N2,HA1,2024-09-02,3_mutations,31
H3N2,HA1,2024-09-02,4_mutations,12
H3N2,HA1,2024-09-02,identical,21
H3N2,HA1,2024-09-02,more_than_4_mutations,3
H3N2,HA1,2024-09-09,1_mutation,93
H3N2,HA1,2024-09-09,2_mutations,84
H3N2,HA1,2024-09-09,3_mutations,43
H3N2,HA1,2024-09-09,4_mutations,12
H3N2,HA1,2024-09-09,identical,14
H3N2,HA1,2024-09-09,more_than_4_mutations,6
H3N2,HA1,2024-09-16,1_mutation,92
H3N2,HA1,2024-09-16,2_mutations,61
H3N2,HA1,2024-09-16,3_mutations,37
H3N2,HA1,2024-09-16,4_mutations,18
H3N2,HA1,2024-09-16,identical,15
H3N2,HA1,2024-09-16,more_than_4_mutations,4
H3N2,HA1,2024-09-23,1_mutation,58
H3N2,HA1,2024-09-23,2_mutations,60
H3N2,HA1,2024-09-23,3_mutations,37
H3N2,HA1,2024-09-23,4_mutations,9
H3N2,HA1,2024-09-23,identical,8
H3N2,HA1,2024-09-23,more_than_4_mutations,2
H3N2,HA1,2024-09-30,1_mutation,89
H3N2,HA1,2024-09-30,2_mutations,72
H3N2,HA1,2024-09-30,3_mutations,51
H3N2,HA1,2024-09-30,4_mutations,7
H3N2,HA1,2024-09-30,identical,16
H3N2,HA1,2024-09-30,more_than_4_mutations,7
H3N2,HA1,2024-10-07,1_mutation,71
H3N2,HA1,2024-10-07,2_mutations,71
H3N2,HA1,2024-10-07,3_mutations,41
H3N2,HA1,2024-10-07,4_mutations,14
H3N2,HA1,2024-10-07,identical,11
H3N2,HA1,2024-10-07,more_than_4_mutations,1
H3N2,HA1,2024-10-14,1_mutation,84
H3N2,HA1,2024-10-14,2_mutations,72
H3N2,HA1,2024-10-14,3_mutations,45
H3N2,HA1,2024-10-14,4_mutations,11
H3N2,HA1,2024-10-14,identical,19
H3N2,HA1,2024-10-14,more_than_4_mutations,7
H3N2,HA1,2024-10-21,1_mutation,62
H3N2,HA1,2024-10-21,2_mutations,85
H3N2,HA1,2024-10-21,3_mutations,52
H3N2,HA1,2024-10-21,4_mutations,24
H3N2,HA1,2024-10-21,identical,10
H3N2,HA1,2024-10-21,more_than_4_mutations,5
H3N2,HA1,2024-10-28,1_mutation,83
H3N2,HA1,2024-10-28,2_mutations,85
H3N2,HA1,2024-10-28,3_mutations,59
H3N2,HA1,2024-10-28,4_mutations,22
H3N2,HA1,2024-10-28,identical,26
H3N2,HA1,2024-10-28,more_than_4_mutations,8
H3N2,HA1,2024-11-04,1_mutation,107
H3N2,HA1,2024-11-04,2_mutations,122
H3N2,HA1,2024-11-04,3_mutations,69
H3N2,HA1,2024-11-04,4_mutations,23
H3N2,HA1,2024-11-04,identical,16
H3N2,HA1,2024-11-04,more_than_4_mutations,7
H3N2,HA1,2024-11-11,1_mutation,116
H3N2,HA1,2024-11-11,2_mutations,126
H3N2,HA1,2024-11-11,3_mutations,74
H3N2,HA1,2024-11-11,4_mutations,33
H3N2,HA1,2024-11-11,identical,18
H3N2,HA1,2024-11-11,more_than_4_mutations,9
H3N2,HA1,2024-11-18,1_mutation,154
H3N2,HA1,2024-11-18,2_mutations,145
H3N2,HA1,2024-11-18,3_mutations,67
H3N2,HA1,2024-11-18,4_mutations,40
H3N2,HA1,2024-11-18,identical,26
H3N2,HA1,2024-11-18,more_than_4_mutations,11
H3N2,HA1,2024-11-25,1_mutation,195
H3N2,HA1,2024-11-25,2_mutations,166
H3N2,HA1,2024-11-25,3_mutations,81
H3N2,HA1,2024-11-25,4_mutations,30
H3N2,HA1,2024-11-25,identical,33
H3N2,HA1,2024-11-25,more_than_4_mutations,14
H3N2,HA1,2024-12-02,1_mutation,229
H3N2,HA1,2024-12-02,2_mutations,142
H3N2,HA1,2024-12-02,3_mutations,73
H3N2,HA1,2024-12-02,4_mutations,41
H3N2,HA1,2024-12-02,identical,36
H3N2,HA1,2024-12-02,more_than_4_mutations,14
H3N2,HA1,2024-12-09,1_mutation,276
H3N2,HA1,2024-12-09,2_mutations,192
H3N2,HA1,2024-12-09,3_mutations,109
H3N2,HA1,2024-12-09,4_mutations,51
H3N2,HA1,2024-12-09,identical,58
H3N2,HA1,2024-12-09,more_than_4_mutations,29
H3N2,HA1,2024-12-16,1_mutation,365
H3N2,HA1,2024-12-16,2_mutations,243
H3N2,HA1,2024-12-16,3_mutations,151
H3N2,HA1,2024-12-16,4_mutations,70
H3N2,HA1,2024-12-16,identical,60
H3N2,HA1,2024-12-16,more_than_4_mutations,28
H3N2,HA1,2024-12-23,1_mutation,404
H3N2,HA1,2024-12-23,2_mutations,264
H3N2,HA1,2024-12-23,3_mutations,152
H3N2,HA1,2024-12-23,4_mutations,49
H3N2,HA1,2024-12-23,identical,61
H3N2,HA1,2024-12-23,more_than_4_mutations,25
H3N2,HA1,2024-12-30,1_mutation,447
H3N2,HA1,2024-12-30,2_mutations,356
H3N2,HA1,2024-12-30,3_mutations,163
H3N2,HA1,2024-12-30,4_mutations,76
H3N2,HA1,2024-12-30,identical,71
H3N2,HA1,2024-12-30,more_than_4_mutations,25
H3N2,HA1,2025-01-06,1_mutation,464
H3N2,HA1,2025-01-06,2_mutations,384
H3N2,HA1,2025-01-06,3_mutations,198
H3N2,HA1,2025-01-06,4_mutations,98
H3N2,HA1,2025-01-06,identical,53
H3N2,HA1,2025-01-06,more_than_4_mutations,45
H3N2,HA1,2025-01-13,1_mutation,523
H3N2,HA1,2025-01-13,2_mutations,441
H3N2,HA1,2025-01-13,3_mutations,181
H3N2,HA1,2025-01-13,4_mutations,98
H3N2,HA1,2025-01-13,identical,48
H3N2,HA1,2025-01-13,more_than_4_mutations,36
H3N2,HA1,2025-01-20,1_mutation,630
H3N2,HA1,2025-01-20,2_mutations,527
H3N2,HA1,2025-01-20,3_mutations,250
H3N2,HA1,2025-01-20,4_mutations,119
H3N2,HA1,2025-01-20,identical,60
H3N2,HA1,2025-01-20,more_than_4_mutations,43
H3N2,HA1,2025-01-27,1_mutation,647
H3N2,HA1,2025-01-27,2_mutations,541
H3N2,HA1,2025-01-27,3_mutations,270
H3N2,HA1,2025-01-27,4_mutations,129
H3N2,HA1,2025-01-27,identical,73
H3N2,HA1,2025-01-27,more_than_4_mutations,68
H3N2,HA1,2025-02-03,1_mutation,497
H3N2,HA1,2025-02-03,2_mutations,517
H3N2,HA1,2025-02-03,3_mutations,259
H3N2,HA1,2025-02-03,4_mutations,128
H3N2,HA1,2025-02-03,identical,85
H3N2,HA1,2025-02-03,more_than_4_mutations,53
H3N2,HA1,2025-02-10,1_mutation,487
H3N2,HA1,2025-02-10,2_mutations,482
H3N2,HA1,2025-02-10,3_mutations,237
H3N2,HA1,2025-02-10,4_mutations,74
H3N2,HA1,2025-02-10,identical,71
H3N2,HA1,2025-02-10,more_than_4_mutations,47
H3N2,HA1,2025-02-17,1_mutation,366
H3N2,HA1,2025-02-17,2_mutations,427
H3N2,HA1,2025-02-17,3_mutations,194
H3N2,HA1,2025-02-17,4_mutations,73
H3N2,HA1,2025-02-17,identical,55
H3N2,HA1,2025-02-17,more_than_4_mutations,56
H3N2,HA1,2025-02-24,1_mutation,312
H3N2,HA1,2025-02-24,2_mutations,390
H3N2,HA1,2025-02-24,3_mutations,177
H3N2,HA1,2025-02-24,4_mutations,68
H3N2,HA1,2025-02-24,identical,66
H3N2,HA1,2025-02-24,more_than_4_mutations,49
H3N2,HA1,2025-03-03,1_mutation,278
H3N2,HA1,2025-03-03,2_mutations,363
H3N2,HA1,2025-03-03,3_mutations,178
H3N2,HA1,2025-03-03,4_mutations,44
H3N2,HA1,2025-03-03,identical,68
H3N2,HA1,2025-03-03,more_than_4_mutations,31
H3N2,HA1,2025-03-10,1_mutation,228
H3N2,HA1,2025-03-10,2_mutations,264
H3N2,HA1,2025-03-10,3_mutations,178
H3N2,HA1,2025-03-10,4_mutations,61
H3N2,HA1,2025-03-10,identical,64
H3N2,HA1,2025-03-10,more_than_4_mutations,22
H3N2,HA1,2025-03-17,1_mutation,181
H3N2,HA1,2025-03-17,2_mutations,228
H3N2,HA1,2025-03-17,3_mutations,151
H3N2,HA1,2025-03-17,4_mutations,29
H3N2,HA1,2025-03-17,identical,55
H3N2,HA1,2025-03-17,more_than_4_mutations,21
H3N2,HA1,2025-03-24,1_mutation,128
H3N2,HA1,2025-03-24,2_mutations,169
H3N2,HA1,2025-03-24,3_mutations,101
H3N2,HA1,2025-03-24,4_mutations,31
H3N2,HA1,2025-03-24,identical,40
H3N2,HA1,2025-03-24,more_than_4_mutations,10
H3N2,HA1,2025-03-31,1_mutation,126
H3N2,HA1,2025-03-31,2_mutations,143
H3N2,HA1,2025-03-31,3_mutations,104
H3N2,HA1,2025-03-31,4_mutations,31
H3N2,HA1,2025-03-31,identical,27
H3N2,HA1,2025-03-31,more_than_4_mutations,12
H3N2,HA1,2025-04-07,1_mutation,95
H3N2,HA1,2025-04-07,2_mutations,145
H3N2,HA1,2025-04-07,3_mutations,92
H3N2,HA1,2025-04-07,4_mutations,22
H3N2,HA1,2025-04-07,identical,18
H3N2,HA1,2025-04-07,more_than_4_mutations,12
H3N2,HA1,2025-04-14,1_mutation,71
H3N2,HA1,2025-04-14,2_mutations,79
H3N2,HA1,2025-04-14,3_mutations,94
H3N2,HA1,2025-04-14,4_mutations,17
H3N2,HA1,2025-04-14,identical,18
H3N2,HA1,2025-04-14,more_than_4_mutations,12
H3N2,HA1,2025-04-21,1_mutation,63
H3N2,HA1,2025-04-21,2_mutations,71
H3N2,HA1,2025-04-21,3_mutations,59
H3N2,HA1,2025-04-21,4_mutations,16
H3N2,HA1,2025-04-21,identical,15
H3N2,HA1,2025-04-21,more_than_4_mutations,7
H3N2,HA1,2025-04-28,1_mutation,62
H3N2,HA1,2025-04-28,2_mutations,53
H3N2,HA1,2025-04-28,3_mutations,53
H3N2,HA1,2025-04-28,4_mutations,7
H3N2,HA1,2025-04-28,identical,15
H3N2,HA1,2025-04-28,more_than_4_mutations,7
H3N2,HA1,2025-05-05,1_mutation,42
H3N2,HA1,2025-05-05,2_mutations,70
H3N2,HA1,2025-05-05,3_mutations,46
H3N2,HA1,2025-05-05,4_mutations,23
H3N2,HA1,2025-05-05,identical,12
H3N2,HA1,2025-05-05,more_than_4_mutations,13
H3N2,HA1,2025-05-12,1_mutation,57
H3N2,HA1,2025-05-12,2_mutations,82
H3N2,HA1,2025-05-12,3_mutations,61
H3N2,HA1,2025-05-12,4_mutations,21
H3N2,HA1,2025-05-12,identical,10
H3N2,HA1,2025-05-12,more_than_4_mutations,7
H3N2,HA1,2025-05-19,1_mutation,46
H3N2,HA1,2025-05-19,2_mutations,49
H3N2,HA1,2025-05-19,3_mutations,54
H3N2,HA1,2025-05-19,4_mutations,27
H3N2,HA1,2025-05-19,identical,14
H3N2,HA1,2025-05-19,more_than_4_mutations,5
H3N2,HA1,2025-05-26,1_mutation,32
H3N2,HA1,2025-05-26,2_mutations,51
H3N2,HA1,2025-05-26,3_mutations,32
H3N2,HA1,2025-05-26,4_mutations,21
H3N2,HA1,2025-05-26,identical,29
H3N2,HA1,2025-05-26,more_than_4_mutations,4
H3N2,HA1,2025-06-02,1_mutation,49
H3N2,HA1,2025-06-02,2_mutations,34
H3N2,HA1,2025-06-02,3_mutations,49
H3N2,HA1,2025-06-02,4_mutations,12
H3N2,HA1,2025-06-02,identical,26
H3N2,HA1,2025-06-02,more_than_4_mutations,13
H3N2,HA1,2025-06-09,1_mutation,22
H3N2,HA1,2025-06-09,2_mutations,42
H3N2,HA1,2025-06-09,3_mutations,35
H3N2,HA1,2025-06-09,4_mutations,19
H3N2,HA1,2025-06-09,identical,22
H3N2,HA1,2025-06-09,more_than_4_mutations,8
H3N2,HA1,2025-06-16,1_mutation,23
H3N2,HA1,2025-06-16,2_mutations,46
H3N2,HA1,2025-06-16,3_mutations,22
H3N2,HA1,2025-06-16,4_mutations,13
H3N2,HA1,2025-06-16,identical,25
H3N2,HA1,2025-06-16,more_than_4_mutations,8
H3N2,HA1,2025-06-23,1_mutation,25
H3N2,HA1,2025-06-23,2_mutations,37
H3N2,HA1,2025-06-23,3_mutations,26
H3N2,HA1,2025-06-23,4_mutations,10
H3N2,HA1,2025-06-23,identical,18
H3N2,HA1,2025-06-23,more_than_4_mutations,10
H3N2,HA1,2025-06-30,1_mutation,40
H3N2,HA1,2025-06-30,2_mutations,43
H3N2,HA1,2025-06-30,3_mutations,11
H3N2,HA1,2025-06-30,4_mutations,18
H3N2,HA1,2025-06-30,identical,24
H3N2,HA1,2025-06-30,more_than_4_mutations,6
H3N2,HA1,2025-07-07,1_mutation,47
H3N2,HA1,2025-07-07,2_mutations,45
H3N2,HA1,2025-07-07,3_mutations,13
H3N2,HA1,2025-07-07,4_mutations,8
H3N2,HA1,2025-07-07,identical,24
H3N2,HA1,2025-07-07,more_than_4_mutations,6
H3N2,HA1,2025-07-14,1_mutation,40
H3N2,HA1,2025-07-14,2_mutations,33
H3N2,HA1,2025-07-14,3_mutations,16
H3N2,HA1,2025-07-14,4_mutations,3
H3N2,HA1,2025-07-14,identical,24
H3N2,HA1,2025-07-14,more_than_4_mutations,5
H3N2,HA1,2025-07-21,1_mutation,43
H3N2,HA1,2025-07-21,2_mutations,58
H3N2,HA1,2025-07-21,3_mutations,27
H3N2,HA1,2025-07-21,4_mutations,8
H3N2,HA1,2025-07-21,identical,32
H3N2,HA1,2025-07-21,more_than_4_mutations,5
H3N2,HA1,2025-07-28,1_mutation,28
H3N2,HA1,2025-07-28,2_mutations,37
H3N2,HA1,2025-07-28,3_mutations,13
H3N2,HA1,2025-07-28,4_mutations,5
H3N2,HA1,2025-07-28,identical,34
H3N2,HA1,2025-07-28,more_than_4_mutations,8
H3N2,HA1,2025-08-04,1_mutation,37
H3N2,HA1,2025-08-04,2_mutations,50
H3N2,HA1,2025-08-04,3_mutations,19
H3N2,HA1,2025-08-04,4_mutations,9
H3N2,HA1,2025-08-04,identical,46
H3N2,HA1,2025-08-04,more_than_4_mutations,5
H3N2,HA1,2025-08-11,1_mutation,42
H3N2,HA1,2025-08-11,2_mutations,36
H3N2,HA1,2025-08-11,3_mutations,19
H3N2,HA1,2025-08-11,4_mutations,6
H3N2,HA1,2025-08-11,identical,51
H3N2,HA1,2025-08-11,more_than_4_mutations,8
H3N2,HA1,2025-08-18,1_mutation,42
H3N2,HA1,2025-08-18,2_mutations,44
H3N2,HA1,2025-08-18,3_mutations,21
H3N2,HA1,2025-08-18,4_mutations,2
H3N2,HA1,2025-08-18,identical,65
H3N2,HA1,2025-08-18,more_than_4_mutations,3
H3N2,HA1,2025-08-25,1_mutation,50
H3N2,HA1,2025-08-25,2_mutations,36
H3N2,HA1,2025-08-25,3_mutations,14
H3N2,HA1,2025-08-25,4_mutations,4
H3N2,HA1,2025-08-25,identical,102
H3N2,HA1,2025-08-25,more_than_4_mutations,4
H3N2,HA1,2025-09-01,1_mutation,72
H3N2,HA1,2025-09-01,2_mutations,32
H3N2,HA1,2025-09-01,3_mutations,12
H3N2,HA1,2025-09-01,4_mutations,6
H3N2,HA1,2025-09-01,identical,113
H3N2,HA1,2025-09-01,more_than_4_mutations,4
H3N2,HA1,2025-09-08,1_mutation,92
H3N2,HA1,2025-09-08,2_mutations,44
H3N2,HA1,2025-09-08,3_mutations,13
H3N2,HA1,2025-09-08,4_mutations,14
H3N2,HA1,2025-09-08,identical,150
H3N2,HA1,2025-09-08,more_than_4_mutations,4
H3N2,HA1,2025-09-15,1_mutation,109
H3N2,HA1,2025-09-15,2_mutations,44
H3N2,HA1,2025-09-15,3_mutations,19
H3N2,HA1,2025-09-15,4_mutations,9
H3N2,HA1,2025-09-15,identical,204
H3N2,HA1,2025-09-15,more_than_4_mutations,14
H3N2,HA1,2025-09-22,1_mutation,99
H3N2,HA1,2025-09-22,2_mutations,40
H3N2,HA1,2025-09-22,3_mutations,11
H3N2,HA1,2025-09-22,4_mutations,22
H3N2,HA1,2025-09-22,identical,247
H3N2,HA1,2025-09-22,more_than_4_mutations,10
H3N2,HA1,2025-09-29,1_mutation,122
H3N2,HA1,2025-09-29,2_mutations,53
H3N2,HA1,2025-09-29,3_mutations,18
H3N2,HA1,2025-09-29,4_mutations,16
H3N2,HA1,2025-09-29,identical,348
H3N2,HA1,2025-09-29,more_than_4_mutations,18
H3N2,HA1,2025-10-06,1_mutation,191
H3N2,HA1,2025-10-06,2_mutations,64
H3N2,HA1,2025-10-06,3_mutations,19
H3N2,HA1,2025-10-06,4_mutations,12
H3N2,HA1,2025-10-06,identical,376
H3N2,HA1,2025-10-06,more_than_4_mutations,7
H3N2,HA1,2025-10-13,1_mutation,189
H3N2,HA1,2025-10-13,2_mutations,53
H3N2,HA1,2025-10-13,3_mutations,22
H3N2,HA1,2025-10-13,4_mutations,23
H3N2,HA1,2025-10-13,identical,465
H3N2,HA1,2025-10-13,more_than_4_mutations,13
H3N2,HA1,2025-10-20,1_mutation,217
H3N2,HA1,2025-10-20,2_mutations,63
H3N2,HA1,2025-10-20,3_mutations,26
H3N2,HA1,2025-10-20,4_mutations,14
H3N2,HA1,2025-10-20,identical,607
H3N2,HA1,2025-10-20,more_than_4_mutations,8
H3N2,HA1,2025-10-27,1_mutation,262
H3N2,HA1,2025-10-27,2_mutations,86
H3N2,HA1,2025-10-27,3_mutations,16
H3N2,HA1,2025-10-27,4_mutations,18
H3N2,HA1,2025-10-27,identical,678
H3N2,HA1,2025-10-27,more_than_4_mutations,12
H3N2,HA1,2025-11-03,1_mutation,349
H3N2,HA1,2025-11-03,2_mutations,92
H3N2,HA1,2025-11-03,3_mutations,22
H3N2,HA1,2025-11-03,4_mutations,17
H3N2,HA1,2025-11-03,identical,762
H3N2,HA1,2025-11-03,more_than_4_mutations,10
H3N2,HA1,2025-11-10,1_mutation,379
H3N2,HA1,2025-11-10,2_mutations,91
H3N2,HA1,2025-11-10,3_mutations,9
H3N2,HA1,2025-11-10,4_mutations,19
H3N2,HA1,2025-11-10,identical,892
H3N2,HA1,2025-11-10,more_than_4_mutations,12
H3N2,HA1,2025-11-17,1_mutation,511
H3N2,HA1,2025-11-17,2_mutations,106
H3N2,HA1,2025-11-17,3_mutations,20
H3N2,HA1,2025-11-17,4_mutations,15
H3N2,HA1,2025-11-17,identical,1029
H3N2,HA1,2025-11-17,more_than_4_mutations,23
H3N2,HA1,2025-11-24,1_mutation,766
H3N2,HA1,2025-11-24,2_mutations,160
H3N2,HA1,2025-11-24,3_mutations,29
H3N2,HA1,2025-11-24,4_mutations,25
H3N2,HA1,2025-11-24,identical,1458
H3N2,HA1,2025-11-24,more_than_4_mutations,10
H3N2,HA1,2025-12-01,1_mutation,899
H3N2,HA1,2025-12-01,2_mutations,217
H3N2,HA1,2025-12-01,3_mutations,44
H3N2,HA1,2025-12-01,4_mutations,37
H3N2,HA1,2025-12-01,identical,1813
H3N2,HA1,2025-12-01,more_than_4_mutations,28
H3N2,HA1,2025-12-08,1_mutation,954
H3N2,HA1,2025-12-08,2_mutations,241
H3N2,HA1,2025-12-08,3_mutations,42
H3N2,HA1,2025-12-08,4_mutations,25
H3N2,HA1,2025-12-08,identical,1861
H3N2,HA1,2025-12-08,more_than_4_mutations,21
H3N2,HA1,2025-12-15,1_mutation,1236
H3N2,HA1,2025-12-15,2_mutations,246
H3N2,HA1,2025-12-15,3_mutations,27
H3N2,HA1,2025-12-15,4_mutations,21
H3N2,HA1,2025-12-15,identical,2279
H3N2,HA1,2025-12-15,more_than_4_mutations,12
H3N2,HA1,2025-12-22,1_mutation,755
H3N2,HA1,2025-12-22,2_mutations,172
H3N2,HA1,2025-12-22,3_mutations,33
H3N2,HA1,2025-12-22,4_mutations,10
H3N2,HA1,2025-12-22,identical,1432
H3N2,HA1,2025-12-22,more_than_4_mutations,7
H3N2,HA1,2025-12-29,1_mutation,687
H3N2,HA1,2025-12-29,2_mutations,179
H3N2,HA1,2025-12-29,3_mutations,30
H3N2,HA1,2025-12-29,4_mutations,8
H3N2,HA1,2025-12-29,identical,1244
H3N2,HA1,2025-12-29,more_than_4_mutations,2
H3N2,HA1,2026-01-05,1_mutation,649
H3N2,HA1,2026-01-05,2_mutations,184
H3N2,HA1,2026-01-05,3_mutations,32
H3N2,HA1,2026-01-05,4_mutations,5
H3N2,HA1,2026-01-05,identical,1257
H3N2,HA1,2026-01-05,more_than_4_mutations,3
H3N2,HA1,2026-01-12,1_mutation,548
H3N2,HA1,2026-01-12,2_mutations,180
H3N2,HA1,2026-01-12,3_mutations,27
H3N2,HA1,2026-01-12,4_mutations,5
H3N2,HA1,2026-01-12,identical,963
H3N2,HA1,2026-01-12,more_than_4_mutations,5
H3N2,HA1,2026-01-19,1_mutation,479
H3N2,HA1,2026-01-19,2_mutations,142
H3N2,HA1,2026-01-19,3_mutations,27
H3N2,HA1,2026-01-19,4_mutations,6
H3N2,HA1,2026-01-19,identical,959
H3N2,HA1,2026-01-19,more_than_4_mutations,4
H3N2,HA1,2026-01-26,1_mutation,487
H3N2,HA1,2026-01-26,2_mutations,135
H3N2,HA1,2026-01-26,3_mutations,21
H3N2,HA1,2026-01-26,4_mutations,4
H3N2,HA1,2026-01-26,identical,844
H3N2,HA1,2026-01-26,more_than_4_mutations,3
H3N2,HA1,2026-02-02,1_mutation,503
H3N2,HA1,2026-02-02,2_mutations,138
H3N2,HA1,2026-02-02,3_mutations,26
H3N2,HA1,2026-02-02,4_mutations,8
H3N2,HA1,2026-02-02,identical,858
H3N2,HA1,2026-02-02,more_than_4_mutations,3
H3N2,HA1,2026-02-09,1_mutation,356
H3N2,HA1,2026-02-09,2_mutations,131
H3N2,HA1,2026-02-09,3_mutations,19
H3N2,HA1,2026-02-09,4_mutations,3
H3N2,HA1,2026-02-09,identical,682
H3N2,HA1,2026-02-09,more_than_4_mutations,2
H3N2,HA1,2026-02-16,1_mutation,336
H3N2,HA1,2026-02-16,2_mutations,107
H3N2,HA1,2026-02-16,3_mutations,19
H3N2,HA1,2026-02-16,4_mutations,5
H3N2,HA1,2026-02-16,identical,546
H3N2,HA1,2026-02-23,1_mutation,265
H3N2,HA1,2026-02-23,2_mutations,112
H3N2,HA1,2026-02-23,3_mutations,13
H3N2,HA1,2026-02-23,4_mutations,1
H3N2,HA1,2026-02-23,identical,456
H3N2,HA1,2026-02-23,more_than_4_mutations,2
H3N2,HA1,2026-03-02,1_mutation,254
H3N2,HA1,2026-03-02,2_mutations,82
H3N2,HA1,2026-03-02,3_mutations,16
H3N2,HA1,2026-03-02,4_mutations,4
H3N2,HA1,2026-03-02,identical,391
H3N2,HA1,2026-03-09,1_mutation,166
H3N2,HA1,2026-03-09,2_mutations,61
H3N2,HA1,2026-03-09,3_mutations,17
H3N2,HA1,2026-03-09,4_mutations,3
H3N2,HA1,2026-03-09,identical,293
H3N2,HA1,2026-03-09,more_than_4_mutations,1
H3N2,HA1,2026-03-16,1_mutation,167
H3N2,HA1,2026-03-16,2_mutations,57
H3N2,HA1,2026-03-16,3_mutations,11
H3N2,HA1,2026-03-16,4_mutations,4
H3N2,HA1,2026-03-16,identical,242
H3N2,HA1,2026-03-16,more_than_4_mutations,3
H3N2,HA1,2026-03-23,1_mutation,133
H3N2,HA1,2026-03-23,2_mutations,49
H3N2,HA1,2026-03-23,3_mutations,14
H3N2,HA1,2026-03-23,4_mutations,3
H3N2,HA1,2026-03-23,identical,204
H3N2,HA1,2026-03-23,more_than_4_mutations,3
H3N2,HA1,2026-03-30,1_mutation,110
H3N2,HA1,2026-03-30,2_mutations,48
H3N2,HA1,2026-03-30,3_mutations,6
H3N2,HA1,2026-03-30,4_mutations,2
H3N2,HA1,2026-03-30,identical,152
H3N2,HA1,2026-04-06,1_mutation,139
H3N2,HA1,2026-04-06,2_mutations,44
H3N2,HA1,2026-04-06,3_mutations,13
H3N2,HA1,2026-04-06,4_mutations,2
H3N2,HA1,2026-04-06,identical,142
H3N2,HA1,2026-04-13,1_mutation,97
H3N2,HA1,2026-04-13,2_mutations,25
H3N2,HA1,2026-04-13,3_mutations,9
H3N2,HA1,2026-04-13,identical,108
H3N2,HA1,2026-04-13,more_than_4_mutations,1
H3N2,HA1,2026-04-20,1_mutation,79
H3N2,HA1,2026-04-20,2_mutations,20
H3N2,HA1,2026-04-20,3_mutations,10
H3N2,HA1,2026-04-20,4_mutations,1
H3N2,HA1,2026-04-20,identical,110
H3N2,HA1,2026-04-27,1_mutation,81
H3N2,HA1,2026-04-27,2_mutations,25
H3N2,HA1,2026-04-27,3_mutations,4
H3N2,HA1,2026-04-27,identical,106
H3N2,HA1,2026-05-04,1_mutation,77
H3N2,HA1,2026-05-04,2_mutations,26
H3N2,HA1,2026-05-04,3_mutations,3
H3N2,HA1,2026-05-04,4_mutations,1
H3N2,HA1,2026-05-04,identical,90
H3N2,HA1,2026-05-11,1_mutation,76
H3N2,HA1,2026-05-11,2_mutations,27
H3N2,HA1,2026-05-11,3_mutations,4
H3N2,HA1,2026-05-11,4_mutations,1
H3N2,HA1,2026-05-11,identical,109
H3N2,HA1,2026-05-11,more_than_4_mutations,1
H3N2,HA1,2026-05-18,1_mutation,78
H3N2,HA1,2026-05-18,2_mutations,28
H3N2,HA1,2026-05-18,3_mutations,5
H3N2,HA1,2026-05-18,4_mutations,2
H3N2,HA1,2026-05-18,identical,102
H3N2,HA1,2026-05-25,1_mutation,63
H3N2,HA1,2026-05-25,2_mutations,21
H3N2,HA1,2026-05-25,3_mutations,1
H3N2,HA1,2026-05-25,identical,142
H3N2,HA1,2026-06-01,1_mutation,91
H3N2,HA1,2026-06-01,2_mutations,19
H3N2,HA1,2026-06-01,3_mutations,5
H3N2,HA1,2026-06-01,4_mutations,2
H3N2,HA1,2026-06-01,identical,95
H3N2,HA1,2026-06-08,1_mutation,70
H3N2,HA1,2026-06-08,2_mutations,21
H3N2,HA1,2026-06-08,3_mutations,12
H3N2,HA1,2026-06-08,4_mutations,3
H3N2,HA1,2026-06-08,identical,113
H3N2,HA1,2026-06-15,1_mutation,72
H3N2,HA1,2026-06-15,2_mutations,22
H3N2,HA1,2026-06-15,3_mutations,23
H3N2,HA1,2026-06-15,4_mutations,2
H3N2,HA1,2026-06-15,identical,149
H3N2,HA1,2026-06-22,1_mutation,39
H3N2,HA1,2026-06-22,2_mutations,8
H3N2,HA1,2026-06-22,3_mutations,10
H3N2,HA1,2026-06-22,4_mutations,4
H3N2,HA1,2026-06-22,identical,76
H3N2,HA1,2026-06-22,more_than_4_mutations,1
H3N2,HA1,2026-06-29,1_mutation,32
H3N2,HA1,2026-06-29,2_mutations,9
H3N2,HA1,2026-06-29,3_mutations,14
H3N2,HA1,2026-06-29,4_mutations,9
H3N2,HA1,2026-06-29,identical,52
H3N2,HA1,2026-06-29,more_than_4_mutations,1
H3N2,HA1,2026-07-06,1_mutation,21
H3N2,HA1,2026-07-06,2_mutations,11
H3N2,HA1,2026-07-06,3_mutations,10
H3N2,HA1,2026-07-06,4_mutations,14
H3N2,HA1,2026-07-06,identical,54
H3N2,HA1,2026-07-13,1_mutation,17
H3N2,HA1,2026-07-13,2_mutations,8
H3N2,HA1,2026-07-13,3_mutations,11
H3N2,HA1,2026-07-13,4_mutations,7
H3N2,HA1,2026-07-13,identical,49
H3N2,HA1,2026-07-20,1_mutation,15
H3N2,HA1,2026-07-20,2_mutations,6
H3N2,HA1,2026-07-20,3_mutations,14
H3N2,HA1,2026-07-20,4_mutations,4
H3N2,HA1,2026-07-20,identical,32
H3N2,HA1,2026-07-20,more_than_4_mutations,1
H3N2,HA1,2026-07-27,1_mutation,10
H3N2,HA1,2026-07-27,2_mutations,3
H3N2,HA1,2026-07-27,3_mutations,21
H3N2,HA1,2026-07-27,4_mutations,4
H3N2,HA1,2026-07-27,identical,23
H3N2,HA1,2026-08-03,1_mutation,13
H3N2,HA1,2026-08-03,2_mutations,8
H3N2,HA1,2026-08-03,3_mutations,20
H3N2,HA1,2026-08-03,4_mutations,3
H3N2,HA1,2026-08-03,identical,29
H3N2,HA1,2026-08-10,1_mutation,11
H3N2,HA1,2026-08-10,2_mutations,1
H3N2,HA1,2026-08-10,3_mutations,6
H3N2,HA1,2026-08-10,4_mutations,10
H3N2,HA1,2026-08-10,identical,10
H3N2,HA1,2026-08-17,1_mutation,1
H3N2,HA1,2026-08-17,identical,1
H3N2,ectodomain,2024-09-02,1_mutation,88
H3N2,ectodomain,2024-09-02,2_mutations,65
H3N2,ectodomain,2024-09-02,3_mutations,33
H3N2,ectodomain,2024-09-02,4_mutations,19
H3N2,ectodomain,2024-09-02,identical,2
H3N2,ectodomain,2024-09-02,more_than_4_mutations,13
H3N2,ectodomain,2024-09-09,1_mutation,80
H3N2,ectodomain,2024-09-09,2_mutations,69
H3N2,ectodomain,2024-09-09,3_mutations,61
H3N2,ectodomain,2024-09-09,4_mutations,19
H3N2,ectodomain,2024-09-09,identical,6
H3N2,ectodomain,2024-09-09,more_than_4_mutations,17
H3N2,ectodomain,2024-09-16,1_mutation,74
H3N2,ectodomain,2024-09-16,2_mutations,68
H3N2,ectodomain,2024-09-16,3_mutations,42
H3N2,ectodomain,2024-09-16,4_mutations,25
H3N2,ectodomain,2024-09-16,identical,1
H3N2,ectodomain,2024-09-16,more_than_4_mutations,17
H3N2,ectodomain,2024-09-23,1_mutation,46
H3N2,ectodomain,2024-09-23,2_mutations,59
H3N2,ectodomain,2024-09-23,3_mutations,36
H3N2,ectodomain,2024-09-23,4_mutations,18
H3N2,ectodomain,2024-09-23,identical,6
H3N2,ectodomain,2024-09-23,more_than_4_mutations,9
H3N2,ectodomain,2024-09-30,1_mutation,72
H3N2,ectodomain,2024-09-30,2_mutations,59
H3N2,ectodomain,2024-09-30,3_mutations,66
H3N2,ectodomain,2024-09-30,4_mutations,25
H3N2,ectodomain,2024-09-30,identical,9
H3N2,ectodomain,2024-09-30,more_than_4_mutations,11
H3N2,ectodomain,2024-10-07,1_mutation,53
H3N2,ectodomain,2024-10-07,2_mutations,54
H3N2,ectodomain,2024-10-07,3_mutations,50
H3N2,ectodomain,2024-10-07,4_mutations,40
H3N2,ectodomain,2024-10-07,identical,6
H3N2,ectodomain,2024-10-07,more_than_4_mutations,6
H3N2,ectodomain,2024-10-14,1_mutation,67
H3N2,ectodomain,2024-10-14,2_mutations,56
H3N2,ectodomain,2024-10-14,3_mutations,50
H3N2,ectodomain,2024-10-14,4_mutations,39
H3N2,ectodomain,2024-10-14,identical,14
H3N2,ectodomain,2024-10-14,more_than_4_mutations,12
H3N2,ectodomain,2024-10-21,1_mutation,45
H3N2,ectodomain,2024-10-21,2_mutations,64
H3N2,ectodomain,2024-10-21,3_mutations,57
H3N2,ectodomain,2024-10-21,4_mutations,42
H3N2,ectodomain,2024-10-21,identical,4
H3N2,ectodomain,2024-10-21,more_than_4_mutations,26
H3N2,ectodomain,2024-10-28,1_mutation,78
H3N2,ectodomain,2024-10-28,2_mutations,56
H3N2,ectodomain,2024-10-28,3_mutations,62
H3N2,ectodomain,2024-10-28,4_mutations,47
H3N2,ectodomain,2024-10-28,identical,13
H3N2,ectodomain,2024-10-28,more_than_4_mutations,27
H3N2,ectodomain,2024-11-04,1_mutation,79
H3N2,ectodomain,2024-11-04,2_mutations,104
H3N2,ectodomain,2024-11-04,3_mutations,71
H3N2,ectodomain,2024-11-04,4_mutations,58
H3N2,ectodomain,2024-11-04,identical,7
H3N2,ectodomain,2024-11-04,more_than_4_mutations,25
H3N2,ectodomain,2024-11-11,1_mutation,82
H3N2,ectodomain,2024-11-11,2_mutations,101
H3N2,ectodomain,2024-11-11,3_mutations,98
H3N2,ectodomain,2024-11-11,4_mutations,44
H3N2,ectodomain,2024-11-11,identical,11
H3N2,ectodomain,2024-11-11,more_than_4_mutations,40
H3N2,ectodomain,2024-11-18,1_mutation,127
H3N2,ectodomain,2024-11-18,2_mutations,89
H3N2,ectodomain,2024-11-18,3_mutations,108
H3N2,ectodomain,2024-11-18,4_mutations,55
H3N2,ectodomain,2024-11-18,identical,18
H3N2,ectodomain,2024-11-18,more_than_4_mutations,46
H3N2,ectodomain,2024-11-25,1_mutation,150
H3N2,ectodomain,2024-11-25,2_mutations,153
H3N2,ectodomain,2024-11-25,3_mutations,104
H3N2,ectodomain,2024-11-25,4_mutations,44
H3N2,ectodomain,2024-11-25,identical,23
H3N2,ectodomain,2024-11-25,more_than_4_mutations,45
H3N2,ectodomain,2024-12-02,1_mutation,201
H3N2,ectodomain,2024-12-02,2_mutations,129
H3N2,ectodomain,2024-12-02,3_mutations,90
H3N2,ectodomain,2024-12-02,4_mutations,51
H3N2,ectodomain,2024-12-02,identical,16
H3N2,ectodomain,2024-12-02,more_than_4_mutations,48
H3N2,ectodomain,2024-12-09,1_mutation,234
H3N2,ectodomain,2024-12-09,2_mutations,192
H3N2,ectodomain,2024-12-09,3_mutations,98
H3N2,ectodomain,2024-12-09,4_mutations,77
H3N2,ectodomain,2024-12-09,identical,43
H3N2,ectodomain,2024-12-09,more_than_4_mutations,71
H3N2,ectodomain,2024-12-16,1_mutation,320
H3N2,ectodomain,2024-12-16,2_mutations,233
H3N2,ectodomain,2024-12-16,3_mutations,148
H3N2,ectodomain,2024-12-16,4_mutations,91
H3N2,ectodomain,2024-12-16,identical,41
H3N2,ectodomain,2024-12-16,more_than_4_mutations,84
H3N2,ectodomain,2024-12-23,1_mutation,349
H3N2,ectodomain,2024-12-23,2_mutations,256
H3N2,ectodomain,2024-12-23,3_mutations,135
H3N2,ectodomain,2024-12-23,4_mutations,96
H3N2,ectodomain,2024-12-23,identical,47
H3N2,ectodomain,2024-12-23,more_than_4_mutations,72
H3N2,ectodomain,2024-12-30,1_mutation,364
H3N2,ectodomain,2024-12-30,2_mutations,334
H3N2,ectodomain,2024-12-30,3_mutations,207
H3N2,ectodomain,2024-12-30,4_mutations,85
H3N2,ectodomain,2024-12-30,identical,52
H3N2,ectodomain,2024-12-30,more_than_4_mutations,96
H3N2,ectodomain,2025-01-06,1_mutation,354
H3N2,ectodomain,2025-01-06,2_mutations,377
H3N2,ectodomain,2025-01-06,3_mutations,235
H3N2,ectodomain,2025-01-06,4_mutations,126
H3N2,ectodomain,2025-01-06,identical,37
H3N2,ectodomain,2025-01-06,more_than_4_mutations,113
H3N2,ectodomain,2025-01-13,1_mutation,392
H3N2,ectodomain,2025-01-13,2_mutations,446
H3N2,ectodomain,2025-01-13,3_mutations,233
H3N2,ectodomain,2025-01-13,4_mutations,115
H3N2,ectodomain,2025-01-13,identical,32
H3N2,ectodomain,2025-01-13,more_than_4_mutations,109
H3N2,ectodomain,2025-01-20,1_mutation,490
H3N2,ectodomain,2025-01-20,2_mutations,563
H3N2,ectodomain,2025-01-20,3_mutations,293
H3N2,ectodomain,2025-01-20,4_mutations,112
H3N2,ectodomain,2025-01-20,identical,36
H3N2,ectodomain,2025-01-20,more_than_4_mutations,135
H3N2,ectodomain,2025-01-27,1_mutation,474
H3N2,ectodomain,2025-01-27,2_mutations,557
H3N2,ectodomain,2025-01-27,3_mutations,343
H3N2,ectodomain,2025-01-27,4_mutations,136
H3N2,ectodomain,2025-01-27,identical,50
H3N2,ectodomain,2025-01-27,more_than_4_mutations,168
H3N2,ectodomain,2025-02-03,1_mutation,356
H3N2,ectodomain,2025-02-03,2_mutations,526
H3N2,ectodomain,2025-02-03,3_mutations,314
H3N2,ectodomain,2025-02-03,4_mutations,122
H3N2,ectodomain,2025-02-03,identical,63
H3N2,ectodomain,2025-02-03,more_than_4_mutations,158
H3N2,ectodomain,2025-02-10,1_mutation,315
H3N2,ectodomain,2025-02-10,2_mutations,512
H3N2,ectodomain,2025-02-10,3_mutations,303
H3N2,ectodomain,2025-02-10,4_mutations,111
H3N2,ectodomain,2025-02-10,identical,59
H3N2,ectodomain,2025-02-10,more_than_4_mutations,98
H3N2,ectodomain,2025-02-17,1_mutation,253
H3N2,ectodomain,2025-02-17,2_mutations,423
H3N2,ectodomain,2025-02-17,3_mutations,276
H3N2,ectodomain,2025-02-17,4_mutations,79
H3N2,ectodomain,2025-02-17,identical,34
H3N2,ectodomain,2025-02-17,more_than_4_mutations,106
H3N2,ectodomain,2025-02-24,1_mutation,177
H3N2,ectodomain,2025-02-24,2_mutations,404
H3N2,ectodomain,2025-02-24,3_mutations,252
H3N2,ectodomain,2025-02-24,4_mutations,84
H3N2,ectodomain,2025-02-24,identical,59
H3N2,ectodomain,2025-02-24,more_than_4_mutations,86
H3N2,ectodomain,2025-03-03,1_mutation,157
H3N2,ectodomain,2025-03-03,2_mutations,367
H3N2,ectodomain,2025-03-03,3_mutations,235
H3N2,ectodomain,2025-03-03,4_mutations,89
H3N2,ectodomain,2025-03-03,identical,58
H3N2,ectodomain,2025-03-03,more_than_4_mutations,56
H3N2,ectodomain,2025-03-10,1_mutation,137
H3N2,ectodomain,2025-03-10,2_mutations,263
H3N2,ectodomain,2025-03-10,3_mutations,223
H3N2,ectodomain,2025-03-10,4_mutations,93
H3N2,ectodomain,2025-03-10,identical,45
H3N2,ectodomain,2025-03-10,more_than_4_mutations,56
H3N2,ectodomain,2025-03-17,1_mutation,102
H3N2,ectodomain,2025-03-17,2_mutations,240
H3N2,ectodomain,2025-03-17,3_mutations,189
H3N2,ectodomain,2025-03-17,4_mutations,51
H3N2,ectodomain,2025-03-17,identical,45
H3N2,ectodomain,2025-03-17,more_than_4_mutations,38
H3N2,ectodomain,2025-03-24,1_mutation,60
H3N2,ectodomain,2025-03-24,2_mutations,173
H3N2,ectodomain,2025-03-24,3_mutations,129
H3N2,ectodomain,2025-03-24,4_mutations,59
H3N2,ectodomain,2025-03-24,identical,31
H3N2,ectodomain,2025-03-24,more_than_4_mutations,27
H3N2,ectodomain,2025-03-31,1_mutation,50
H3N2,ectodomain,2025-03-31,2_mutations,162
H3N2,ectodomain,2025-03-31,3_mutations,122
H3N2,ectodomain,2025-03-31,4_mutations,52
H3N2,ectodomain,2025-03-31,identical,24
H3N2,ectodomain,2025-03-31,more_than_4_mutations,33
H3N2,ectodomain,2025-04-07,1_mutation,35
H3N2,ectodomain,2025-04-07,2_mutations,143
H3N2,ectodomain,2025-04-07,3_mutations,127
H3N2,ectodomain,2025-04-07,4_mutations,42
H3N2,ectodomain,2025-04-07,identical,13
H3N2,ectodomain,2025-04-07,more_than_4_mutations,24
H3N2,ectodomain,2025-04-14,1_mutation,24
H3N2,ectodomain,2025-04-14,2_mutations,87
H3N2,ectodomain,2025-04-14,3_mutations,96
H3N2,ectodomain,2025-04-14,4_mutations,44
H3N2,ectodomain,2025-04-14,identical,17
H3N2,ectodomain,2025-04-14,more_than_4_mutations,23
H3N2,ectodomain,2025-04-21,1_mutation,18
H3N2,ectodomain,2025-04-21,2_mutations,85
H3N2,ectodomain,2025-04-21,3_mutations,68
H3N2,ectodomain,2025-04-21,4_mutations,29
H3N2,ectodomain,2025-04-21,identical,13
H3N2,ectodomain,2025-04-21,more_than_4_mutations,18
H3N2,ectodomain,2025-04-28,1_mutation,20
H3N2,ectodomain,2025-04-28,2_mutations,76
H3N2,ectodomain,2025-04-28,3_mutations,54
H3N2,ectodomain,2025-04-28,4_mutations,23
H3N2,ectodomain,2025-04-28,identical,10
H3N2,ectodomain,2025-04-28,more_than_4_mutations,14
H3N2,ectodomain,2025-05-05,1_mutation,10
H3N2,ectodomain,2025-05-05,2_mutations,61
H3N2,ectodomain,2025-05-05,3_mutations,60
H3N2,ectodomain,2025-05-05,4_mutations,39
H3N2,ectodomain,2025-05-05,identical,11
H3N2,ectodomain,2025-05-05,more_than_4_mutations,25
H3N2,ectodomain,2025-05-12,1_mutation,19
H3N2,ectodomain,2025-05-12,2_mutations,65
H3N2,ectodomain,2025-05-12,3_mutations,89
H3N2,ectodomain,2025-05-12,4_mutations,31
H3N2,ectodomain,2025-05-12,identical,8
H3N2,ectodomain,2025-05-12,more_than_4_mutations,26
H3N2,ectodomain,2025-05-19,1_mutation,9
H3N2,ectodomain,2025-05-19,2_mutations,62
H3N2,ectodomain,2025-05-19,3_mutations,39
H3N2,ectodomain,2025-05-19,4_mutations,39
H3N2,ectodomain,2025-05-19,identical,12
H3N2,ectodomain,2025-05-19,more_than_4_mutations,34
H3N2,ectodomain,2025-05-26,1_mutation,7
H3N2,ectodomain,2025-05-26,2_mutations,40
H3N2,ectodomain,2025-05-26,3_mutations,38
H3N2,ectodomain,2025-05-26,4_mutations,34
H3N2,ectodomain,2025-05-26,identical,28
H3N2,ectodomain,2025-05-26,more_than_4_mutations,22
H3N2,ectodomain,2025-06-02,1_mutation,28
H3N2,ectodomain,2025-06-02,2_mutations,31
H3N2,ectodomain,2025-06-02,3_mutations,48
H3N2,ectodomain,2025-06-02,4_mutations,30
H3N2,ectodomain,2025-06-02,identical,21
H3N2,ectodomain,2025-06-02,more_than_4_mutations,25
H3N2,ectodomain,2025-06-09,1_mutation,13
H3N2,ectodomain,2025-06-09,2_mutations,27
H3N2,ectodomain,2025-06-09,3_mutations,45
H3N2,ectodomain,2025-06-09,4_mutations,25
H3N2,ectodomain,2025-06-09,identical,19
H3N2,ectodomain,2025-06-09,more_than_4_mutations,19
H3N2,ectodomain,2025-06-16,1_mutation,15
H3N2,ectodomain,2025-06-16,2_mutations,25
H3N2,ectodomain,2025-06-16,3_mutations,34
H3N2,ectodomain,2025-06-16,4_mutations,28
H3N2,ectodomain,2025-06-16,identical,20
H3N2,ectodomain,2025-06-16,more_than_4_mutations,15
H3N2,ectodomain,2025-06-23,1_mutation,7
H3N2,ectodomain,2025-06-23,2_mutations,23
H3N2,ectodomain,2025-06-23,3_mutations,40
H3N2,ectodomain,2025-06-23,4_mutations,21
H3N2,ectodomain,2025-06-23,identical,18
H3N2,ectodomain,2025-06-23,more_than_4_mutations,17
H3N2,ectodomain,2025-06-30,1_mutation,14
H3N2,ectodomain,2025-06-30,2_mutations,44
H3N2,ectodomain,2025-06-30,3_mutations,30
H3N2,ectodomain,2025-06-30,4_mutations,8
H3N2,ectodomain,2025-06-30,identical,22
H3N2,ectodomain,2025-06-30,more_than_4_mutations,24
H3N2,ectodomain,2025-07-07,1_mutation,19
H3N2,ectodomain,2025-07-07,2_mutations,53
H3N2,ectodomain,2025-07-07,3_mutations,27
H3N2,ectodomain,2025-07-07,4_mutations,10
H3N2,ectodomain,2025-07-07,identical,22
H3N2,ectodomain,2025-07-07,more_than_4_mutations,12
H3N2,ectodomain,2025-07-14,1_mutation,23
H3N2,ectodomain,2025-07-14,2_mutations,33
H3N2,ectodomain,2025-07-14,3_mutations,28
H3N2,ectodomain,2025-07-14,4_mutations,7
H3N2,ectodomain,2025-07-14,identical,17
H3N2,ectodomain,2025-07-14,more_than_4_mutations,13
H3N2,ectodomain,2025-07-21,1_mutation,29
H3N2,ectodomain,2025-07-21,2_mutations,47
H3N2,ectodomain,2025-07-21,3_mutations,41
H3N2,ectodomain,2025-07-21,4_mutations,14
H3N2,ectodomain,2025-07-21,identical,28
H3N2,ectodomain,2025-07-21,more_than_4_mutations,14
H3N2,ectodomain,2025-07-28,1_mutation,18
H3N2,ectodomain,2025-07-28,2_mutations,26
H3N2,ectodomain,2025-07-28,3_mutations,30
H3N2,ectodomain,2025-07-28,4_mutations,9
H3N2,ectodomain,2025-07-28,identical,30
H3N2,ectodomain,2025-07-28,more_than_4_mutations,12
H3N2,ectodomain,2025-08-04,1_mutation,28
H3N2,ectodomain,2025-08-04,2_mutations,31
H3N2,ectodomain,2025-08-04,3_mutations,43
H3N2,ectodomain,2025-08-04,4_mutations,16
H3N2,ectodomain,2025-08-04,identical,35
H3N2,ectodomain,2025-08-04,more_than_4_mutations,13
H3N2,ectodomain,2025-08-11,1_mutation,38
H3N2,ectodomain,2025-08-11,2_mutations,27
H3N2,ectodomain,2025-08-11,3_mutations,31
H3N2,ectodomain,2025-08-11,4_mutations,10
H3N2,ectodomain,2025-08-11,identical,39
H3N2,ectodomain,2025-08-11,more_than_4_mutations,17
H3N2,ectodomain,2025-08-18,1_mutation,41
H3N2,ectodomain,2025-08-18,2_mutations,23
H3N2,ectodomain,2025-08-18,3_mutations,40
H3N2,ectodomain,2025-08-18,4_mutations,14
H3N2,ectodomain,2025-08-18,identical,51
H3N2,ectodomain,2025-08-18,more_than_4_mutations,8
H3N2,ectodomain,2025-08-25,1_mutation,40
H3N2,ectodomain,2025-08-25,2_mutations,40
H3N2,ectodomain,2025-08-25,3_mutations,24
H3N2,ectodomain,2025-08-25,4_mutations,8
H3N2,ectodomain,2025-08-25,identical,85
H3N2,ectodomain,2025-08-25,more_than_4_mutations,13
H3N2,ectodomain,2025-09-01,1_mutation,62
H3N2,ectodomain,2025-09-01,2_mutations,34
H3N2,ectodomain,2025-09-01,3_mutations,22
H3N2,ectodomain,2025-09-01,4_mutations,5
H3N2,ectodomain,2025-09-01,identical,103
H3N2,ectodomain,2025-09-01,more_than_4_mutations,13
H3N2,ectodomain,2025-09-08,1_mutation,83
H3N2,ectodomain,2025-09-08,2_mutations,39
H3N2,ectodomain,2025-09-08,3_mutations,34
H3N2,ectodomain,2025-09-08,4_mutations,8
H3N2,ectodomain,2025-09-08,identical,135
H3N2,ectodomain,2025-09-08,more_than_4_mutations,18
H3N2,ectodomain,2025-09-15,1_mutation,110
H3N2,ectodomain,2025-09-15,2_mutations,45
H3N2,ectodomain,2025-09-15,3_mutations,43
H3N2,ectodomain,2025-09-15,4_mutations,7
H3N2,ectodomain,2025-09-15,identical,171
H3N2,ectodomain,2025-09-15,more_than_4_mutations,23
H3N2,ectodomain,2025-09-22,1_mutation,118
H3N2,ectodomain,2025-09-22,2_mutations,47
H3N2,ectodomain,2025-09-22,3_mutations,17
H3N2,ectodomain,2025-09-22,4_mutations,11
H3N2,ectodomain,2025-09-22,identical,208
H3N2,ectodomain,2025-09-22,more_than_4_mutations,28
H3N2,ectodomain,2025-09-29,1_mutation,148
H3N2,ectodomain,2025-09-29,2_mutations,56
H3N2,ectodomain,2025-09-29,3_mutations,42
H3N2,ectodomain,2025-09-29,4_mutations,10
H3N2,ectodomain,2025-09-29,identical,289
H3N2,ectodomain,2025-09-29,more_than_4_mutations,30
H3N2,ectodomain,2025-10-06,1_mutation,201
H3N2,ectodomain,2025-10-06,2_mutations,91
H3N2,ectodomain,2025-10-06,3_mutations,35
H3N2,ectodomain,2025-10-06,4_mutations,10
H3N2,ectodomain,2025-10-06,identical,314
H3N2,ectodomain,2025-10-06,more_than_4_mutations,18
H3N2,ectodomain,2025-10-13,1_mutation,239
H3N2,ectodomain,2025-10-13,2_mutations,63
H3N2,ectodomain,2025-10-13,3_mutations,43
H3N2,ectodomain,2025-10-13,4_mutations,12
H3N2,ectodomain,2025-10-13,identical,373
H3N2,ectodomain,2025-10-13,more_than_4_mutations,35
H3N2,ectodomain,2025-10-20,1_mutation,297
H3N2,ectodomain,2025-10-20,2_mutations,94
H3N2,ectodomain,2025-10-20,3_mutations,40
H3N2,ectodomain,2025-10-20,4_mutations,13
H3N2,ectodomain,2025-10-20,identical,470
H3N2,ectodomain,2025-10-20,more_than_4_mutations,21
H3N2,ectodomain,2025-10-27,1_mutation,330
H3N2,ectodomain,2025-10-27,2_mutations,103
H3N2,ectodomain,2025-10-27,3_mutations,49
H3N2,ectodomain,2025-10-27,4_mutations,8
H3N2,ectodomain,2025-10-27,identical,552
H3N2,ectodomain,2025-10-27,more_than_4_mutations,30
H3N2,ectodomain,2025-11-03,1_mutation,412
H3N2,ectodomain,2025-11-03,2_mutations,140
H3N2,ectodomain,2025-11-03,3_mutations,46
H3N2,ectodomain,2025-11-03,4_mutations,10
H3N2,ectodomain,2025-11-03,identical,615
H3N2,ectodomain,2025-11-03,more_than_4_mutations,29
H3N2,ectodomain,2025-11-10,1_mutation,433
H3N2,ectodomain,2025-11-10,2_mutations,148
H3N2,ectodomain,2025-11-10,3_mutations,38
H3N2,ectodomain,2025-11-10,4_mutations,5
H3N2,ectodomain,2025-11-10,identical,751
H3N2,ectodomain,2025-11-10,more_than_4_mutations,27
H3N2,ectodomain,2025-11-17,1_mutation,575
H3N2,ectodomain,2025-11-17,2_mutations,200
H3N2,ectodomain,2025-11-17,3_mutations,34
H3N2,ectodomain,2025-11-17,4_mutations,9
H3N2,ectodomain,2025-11-17,identical,851
H3N2,ectodomain,2025-11-17,more_than_4_mutations,35
H3N2,ectodomain,2025-11-24,1_mutation,841
H3N2,ectodomain,2025-11-24,2_mutations,308
H3N2,ectodomain,2025-11-24,3_mutations,62
H3N2,ectodomain,2025-11-24,4_mutations,17
H3N2,ectodomain,2025-11-24,identical,1190
H3N2,ectodomain,2025-11-24,more_than_4_mutations,30
H3N2,ectodomain,2025-12-01,1_mutation,1013
H3N2,ectodomain,2025-12-01,2_mutations,401
H3N2,ectodomain,2025-12-01,3_mutations,81
H3N2,ectodomain,2025-12-01,4_mutations,30
H3N2,ectodomain,2025-12-01,identical,1466
H3N2,ectodomain,2025-12-01,more_than_4_mutations,47
H3N2,ectodomain,2025-12-08,1_mutation,1083
H3N2,ectodomain,2025-12-08,2_mutations,408
H3N2,ectodomain,2025-12-08,3_mutations,85
H3N2,ectodomain,2025-12-08,4_mutations,17
H3N2,ectodomain,2025-12-08,identical,1513
H3N2,ectodomain,2025-12-08,more_than_4_mutations,38
H3N2,ectodomain,2025-12-15,1_mutation,1375
H3N2,ectodomain,2025-12-15,2_mutations,448
H3N2,ectodomain,2025-12-15,3_mutations,85
H3N2,ectodomain,2025-12-15,4_mutations,18
H3N2,ectodomain,2025-12-15,identical,1873
H3N2,ectodomain,2025-12-15,more_than_4_mutations,22
H3N2,ectodomain,2025-12-22,1_mutation,819
H3N2,ectodomain,2025-12-22,2_mutations,303
H3N2,ectodomain,2025-12-22,3_mutations,66
H3N2,ectodomain,2025-12-22,4_mutations,15
H3N2,ectodomain,2025-12-22,identical,1191
H3N2,ectodomain,2025-12-22,more_than_4_mutations,15
H3N2,ectodomain,2025-12-29,1_mutation,794
H3N2,ectodomain,2025-12-29,2_mutations,264
H3N2,ectodomain,2025-12-29,3_mutations,58
H3N2,ectodomain,2025-12-29,4_mutations,21
H3N2,ectodomain,2025-12-29,identical,1009
H3N2,ectodomain,2025-12-29,more_than_4_mutations,4
H3N2,ectodomain,2026-01-05,1_mutation,706
H3N2,ectodomain,2026-01-05,2_mutations,284
H3N2,ectodomain,2026-01-05,3_mutations,53
H3N2,ectodomain,2026-01-05,4_mutations,19
H3N2,ectodomain,2026-01-05,identical,1063
H3N2,ectodomain,2026-01-05,more_than_4_mutations,5
H3N2,ectodomain,2026-01-12,1_mutation,593
H3N2,ectodomain,2026-01-12,2_mutations,247
H3N2,ectodomain,2026-01-12,3_mutations,58
H3N2,ectodomain,2026-01-12,4_mutations,16
H3N2,ectodomain,2026-01-12,identical,808
H3N2,ectodomain,2026-01-12,more_than_4_mutations,6
H3N2,ectodomain,2026-01-19,1_mutation,524
H3N2,ectodomain,2026-01-19,2_mutations,222
H3N2,ectodomain,2026-01-19,3_mutations,46
H3N2,ectodomain,2026-01-19,4_mutations,12
H3N2,ectodomain,2026-01-19,identical,807
H3N2,ectodomain,2026-01-19,more_than_4_mutations,6
H3N2,ectodomain,2026-01-26,1_mutation,525
H3N2,ectodomain,2026-01-26,2_mutations,200
H3N2,ectodomain,2026-01-26,3_mutations,43
H3N2,ectodomain,2026-01-26,4_mutations,9
H3N2,ectodomain,2026-01-26,identical,710
H3N2,ectodomain,2026-01-26,more_than_4_mutations,7
H3N2,ectodomain,2026-02-02,1_mutation,538
H3N2,ectodomain,2026-02-02,2_mutations,202
H3N2,ectodomain,2026-02-02,3_mutations,37
H3N2,ectodomain,2026-02-02,4_mutations,17
H3N2,ectodomain,2026-02-02,identical,735
H3N2,ectodomain,2026-02-02,more_than_4_mutations,7
H3N2,ectodomain,2026-02-09,1_mutation,418
H3N2,ectodomain,2026-02-09,2_mutations,148
H3N2,ectodomain,2026-02-09,3_mutations,44
H3N2,ectodomain,2026-02-09,4_mutations,8
H3N2,ectodomain,2026-02-09,identical,572
H3N2,ectodomain,2026-02-09,more_than_4_mutations,3
H3N2,ectodomain,2026-02-16,1_mutation,350
H3N2,ectodomain,2026-02-16,2_mutations,140
H3N2,ectodomain,2026-02-16,3_mutations,43
H3N2,ectodomain,2026-02-16,4_mutations,7
H3N2,ectodomain,2026-02-16,identical,470
H3N2,ectodomain,2026-02-16,more_than_4_mutations,3
H3N2,ectodomain,2026-02-23,1_mutation,284
H3N2,ectodomain,2026-02-23,2_mutations,115
H3N2,ectodomain,2026-02-23,3_mutations,36
H3N2,ectodomain,2026-02-23,4_mutations,8
H3N2,ectodomain,2026-02-23,identical,403
H3N2,ectodomain,2026-02-23,more_than_4_mutations,3
H3N2,ectodomain,2026-03-02,1_mutation,250
H3N2,ectodomain,2026-03-02,2_mutations,113
H3N2,ectodomain,2026-03-02,3_mutations,29
H3N2,ectodomain,2026-03-02,4_mutations,11
H3N2,ectodomain,2026-03-02,identical,343
H3N2,ectodomain,2026-03-02,more_than_4_mutations,1
H3N2,ectodomain,2026-03-09,1_mutation,184
H3N2,ectodomain,2026-03-09,2_mutations,70
H3N2,ectodomain,2026-03-09,3_mutations,27
H3N2,ectodomain,2026-03-09,4_mutations,9
H3N2,ectodomain,2026-03-09,identical,250
H3N2,ectodomain,2026-03-09,more_than_4_mutations,1
H3N2,ectodomain,2026-03-16,1_mutation,168
H3N2,ectodomain,2026-03-16,2_mutations,74
H3N2,ectodomain,2026-03-16,3_mutations,16
H3N2,ectodomain,2026-03-16,4_mutations,10
H3N2,ectodomain,2026-03-16,identical,213
H3N2,ectodomain,2026-03-16,more_than_4_mutations,3
H3N2,ectodomain,2026-03-23,1_mutation,133
H3N2,ectodomain,2026-03-23,2_mutations,65
H3N2,ectodomain,2026-03-23,3_mutations,14
H3N2,ectodomain,2026-03-23,4_mutations,9
H3N2,ectodomain,2026-03-23,identical,182
H3N2,ectodomain,2026-03-23,more_than_4_mutations,3
H3N2,ectodomain,2026-03-30,1_mutation,111
H3N2,ectodomain,2026-03-30,2_mutations,55
H3N2,ectodomain,2026-03-30,3_mutations,11
H3N2,ectodomain,2026-03-30,4_mutations,5
H3N2,ectodomain,2026-03-30,identical,136
H3N2,ectodomain,2026-04-06,1_mutation,144
H3N2,ectodomain,2026-04-06,2_mutations,53
H3N2,ectodomain,2026-04-06,3_mutations,17
H3N2,ectodomain,2026-04-06,4_mutations,5
H3N2,ectodomain,2026-04-06,identical,118
H3N2,ectodomain,2026-04-06,more_than_4_mutations,3
H3N2,ectodomain,2026-04-13,1_mutation,96
H3N2,ectodomain,2026-04-13,2_mutations,36
H3N2,ectodomain,2026-04-13,3_mutations,12
H3N2,ectodomain,2026-04-13,4_mutations,3
H3N2,ectodomain,2026-04-13,identical,91
H3N2,ectodomain,2026-04-13,more_than_4_mutations,2
H3N2,ectodomain,2026-04-20,1_mutation,69
H3N2,ectodomain,2026-04-20,2_mutations,38
H3N2,ectodomain,2026-04-20,3_mutations,12
H3N2,ectodomain,2026-04-20,4_mutations,2
H3N2,ectodomain,2026-04-20,identical,99
H3N2,ectodomain,2026-04-27,1_mutation,88
H3N2,ectodomain,2026-04-27,2_mutations,35
H3N2,ectodomain,2026-04-27,3_mutations,7
H3N2,ectodomain,2026-04-27,4_mutations,1
H3N2,ectodomain,2026-04-27,identical,85
H3N2,ectodomain,2026-05-04,1_mutation,93
H3N2,ectodomain,2026-05-04,2_mutations,24
H3N2,ectodomain,2026-05-04,3_mutations,7
H3N2,ectodomain,2026-05-04,4_mutations,5
H3N2,ectodomain,2026-05-04,identical,67
H3N2,ectodomain,2026-05-04,more_than_4_mutations,1
H3N2,ectodomain,2026-05-11,1_mutation,78
H3N2,ectodomain,2026-05-11,2_mutations,36
H3N2,ectodomain,2026-05-11,3_mutations,7
H3N2,ectodomain,2026-05-11,4_mutations,2
H3N2,ectodomain,2026-05-11,identical,94
H3N2,ectodomain,2026-05-11,more_than_4_mutations,1
H3N2,ectodomain,2026-05-18,1_mutation,82
H3N2,ectodomain,2026-05-18,2_mutations,36
H3N2,ectodomain,2026-05-18,3_mutations,8
H3N2,ectodomain,2026-05-18,4_mutations,2
H3N2,ectodomain,2026-05-18,identical,86
H3N2,ectodomain,2026-05-18,more_than_4_mutations,1
H3N2,ectodomain,2026-05-25,1_mutation,75
H3N2,ectodomain,2026-05-25,2_mutations,24
H3N2,ectodomain,2026-05-25,3_mutations,8
H3N2,ectodomain,2026-05-25,identical,120
H3N2,ectodomain,2026-06-01,1_mutation,92
H3N2,ectodomain,2026-06-01,2_mutations,34
H3N2,ectodomain,2026-06-01,3_mutations,10
H3N2,ectodomain,2026-06-01,4_mutations,2
H3N2,ectodomain,2026-06-01,identical,74
H3N2,ectodomain,2026-06-08,1_mutation,63
H3N2,ectodomain,2026-06-08,2_mutations,38
H3N2,ectodomain,2026-06-08,3_mutations,17
H3N2,ectodomain,2026-06-08,4_mutations,3
H3N2,ectodomain,2026-06-08,identical,98
H3N2,ectodomain,2026-06-15,1_mutation,75
H3N2,ectodomain,2026-06-15,2_mutations,34
H3N2,ectodomain,2026-06-15,3_mutations,25
H3N2,ectodomain,2026-06-15,4_mutations,4
H3N2,ectodomain,2026-06-15,identical,129
H3N2,ectodomain,2026-06-15,more_than_4_mutations,1
H3N2,ectodomain,2026-06-22,1_mutation,45
H3N2,ectodomain,2026-06-22,2_mutations,12
H3N2,ectodomain,2026-06-22,3_mutations,12
H3N2,ectodomain,2026-06-22,4_mutations,7
H3N2,ectodomain,2026-06-22,identical,61
H3N2,ectodomain,2026-06-22,more_than_4_mutations,1
H3N2,ectodomain,2026-06-29,1_mutation,34
H3N2,ectodomain,2026-06-29,2_mutations,14
H3N2,ectodomain,2026-06-29,3_mutations,13
H3N2,ectodomain,2026-06-29,4_mutations,13
H3N2,ectodomain,2026-06-29,identical,42
H3N2,ectodomain,2026-06-29,more_than_4_mutations,1
H3N2,ectodomain,2026-07-06,1_mutation,35
H3N2,ectodomain,2026-07-06,2_mutations,6
H3N2,ectodomain,2026-07-06,3_mutations,16
H3N2,ectodomain,2026-07-06,4_mutations,14
H3N2,ectodomain,2026-07-06,identical,38
H3N2,ectodomain,2026-07-06,more_than_4_mutations,1
H3N2,ectodomain,2026-07-13,1_mutation,25
H3N2,ectodomain,2026-07-13,2_mutations,14
H3N2,ectodomain,2026-07-13,3_mutations,7
H3N2,ectodomain,2026-07-13,4_mutations,11
H3N2,ectodomain,2026-07-13,identical,35
H3N2,ectodomain,2026-07-20,1_mutation,15
H3N2,ectodomain,2026-07-20,2_mutations,9
H3N2,ectodomain,2026-07-20,3_mutations,10
H3N2,ectodomain,2026-07-20,4_mutations,9
H3N2,ectodomain,2026-07-20,identical,27
H3N2,ectodomain,2026-07-20,more_than_4_mutations,2
H3N2,ectodomain,2026-07-27,1_mutation,10
H3N2,ectodomain,2026-07-27,2_mutations,9
H3N2,ectodomain,2026-07-27,3_mutations,10
H3N2,ectodomain,2026-07-27,4_mutations,15
H3N2,ectodomain,2026-07-27,identical,17
H3N2,ectodomain,2026-08-03,1_mutation,9
H3N2,ectodomain,2026-08-03,2_mutations,14
H3N2,ectodomain,2026-08-03,3_mutations,8
H3N2,ectodomain,2026-08-03,4_mutations,14
H3N2,ectodomain,2026-08-03,identical,25
H3N2,ectodomain,2026-08-03,more_than_4_mutations,3
H3N2,ectodomain,2026-08-10,1_mutation,12
H3N2,ectodomain,2026-08-10,2_mutations,2
H3N2,ectodomain,2026-08-10,3_mutations,3
H3N2,ectodomain,2026-08-10,4_mutations,2
H3N2,ectodomain,2026-08-10,identical,8
H3N2,ectodomain,2026-08-10,more_than_4_mutations,11
H3N2,ectodomain,2026-08-17,1_mutation,1
H3N2,ectodomain,2026-08-17,identical,1
