well,strain,serum,dilution_factor,replicate,fastq
A1,A/Missouri/11/2025_egg_H1N1,none,1,1,/shared/ngs/illumina/bloom_lab/260731_VH00699_635_AAJHGFVM5/Unaligned/Project_bloom_lab/PlateB_1_S1_R1_001.fastq.gz
B1,A/Nebraska/34/2026_H1N1,none,1,1,/shared/ngs/illumina/bloom_lab/260731_VH00699_635_AAJHGFVM5/Unaligned/Project_bloom_lab/PlateB_2_S2_R1_001.fastq.gz
C1,A/Rhode_Island/11/2026_H1N1,none,1,1,/shared/ngs/illumina/bloom_lab/260731_VH00699_635_AAJHGFVM5/Unaligned/Project_bloom_lab/PlateB_3_S3_R1_001.fastq.gz
D1,A/Denmark/4547/2025_H1N1,none,1,1,/shared/ngs/illumina/bloom_lab/260731_VH00699_635_AAJHGFVM5/Unaligned/Project_bloom_lab/PlateB_4_S4_R1_001.fastq.gz
E1,A/BritishColumbia/RV00022-26/2025_H1N1,none,1,1,/shared/ngs/illumina/bloom_lab/260731_VH00699_635_AAJHGFVM5/Unaligned/Project_bloom_lab/PlateB_5_S5_R1_001.fastq.gz
F1,A/France/NAQ-HCL026046169102/2025_H1N1,none,1,1,/shared/ngs/illumina/bloom_lab/260731_VH00699_635_AAJHGFVM5/Unaligned/Project_bloom_lab/PlateB_6_S6_R1_001.fastq.gz
G1,A/England/1893256/2026_H1N1,none,1,1,/shared/ngs/illumina/bloom_lab/260731_VH00699_635_AAJHGFVM5/Unaligned/Project_bloom_lab/PlateB_7_S7_R1_001.fastq.gz
H1,A/Uppsala/SE26-01293/2026_H1N1,none,1,1,/shared/ngs/illumina/bloom_lab/260731_VH00699_635_AAJHGFVM5/Unaligned/Project_bloom_lab/PlateB_8_S8_R1_001.fastq.gz
A2,A/Sydney/50/2026_H1N1,none,1,1,/shared/ngs/illumina/bloom_lab/260731_VH00699_635_AAJHGFVM5/Unaligned/Project_bloom_lab/PlateB_9_S9_R1_001.fastq.gz
B2,A/Maine/25/2026_H1N1,none,1,1,/shared/ngs/illumina/bloom_lab/260731_VH00699_635_AAJHGFVM5/Unaligned/Project_bloom_lab/PlateB_10_S10_R1_001.fastq.gz
C2,A/Netherlands/864/2026_H1N1,none,1,1,/shared/ngs/illumina/bloom_lab/260731_VH00699_635_AAJHGFVM5/Unaligned/Project_bloom_lab/PlateB_11_S11_R1_001.fastq.gz
D2,A/France/HDF-RELAB-IPP07969/2025_H1N1,none,1,1,/shared/ngs/illumina/bloom_lab/260731_VH00699_635_AAJHGFVM5/Unaligned/Project_bloom_lab/PlateB_12_S12_R1_001.fastq.gz
E2,A/Virginia/82/2025_H1N1,none,1,1,/shared/ngs/illumina/bloom_lab/260731_VH00699_635_AAJHGFVM5/Unaligned/Project_bloom_lab/PlateB_13_S13_R1_001.fastq.gz
F2,A/Valencia/VAHNSI_09_02564/2025_H1N1,none,1,1,/shared/ngs/illumina/bloom_lab/260731_VH00699_635_AAJHGFVM5/Unaligned/Project_bloom_lab/PlateB_14_S14_R1_001.fastq.gz
G2,A/SouthAfrica/PATH-CERI-C075119/2026_H1N1,none,1,1,/shared/ngs/illumina/bloom_lab/260731_VH00699_635_AAJHGFVM5/Unaligned/Project_bloom_lab/PlateB_15_S15_R1_001.fastq.gz
H2,A/SouthAfrica/PATH-CERI-C073358/2025_H1N1,none,1,1,/shared/ngs/illumina/bloom_lab/260731_VH00699_635_AAJHGFVM5/Unaligned/Project_bloom_lab/PlateB_16_S16_R1_001.fastq.gz
A3,A/Kentucky/80/2025_H1N1,none,1,1,/shared/ngs/illumina/bloom_lab/260731_VH00699_635_AAJHGFVM5/Unaligned/Project_bloom_lab/PlateB_17_S17_R1_001.fastq.gz
B3,A/Singapore/KK2768/2025_H1N1,none,1,1,/shared/ngs/illumina/bloom_lab/260731_VH00699_635_AAJHGFVM5/Unaligned/Project_bloom_lab/PlateB_18_S18_R1_001.fastq.gz
C3,A/SouthAfrica/NHLS-SU-CERI-C075557/2026_H1N1,none,1,1,/shared/ngs/illumina/bloom_lab/260731_VH00699_635_AAJHGFVM5/Unaligned/Project_bloom_lab/PlateB_19_S19_R1_001.fastq.gz
D3,A/California/NIRC-IS-1019/2026_H1N1,none,1,1,/shared/ngs/illumina/bloom_lab/260731_VH00699_635_AAJHGFVM5/Unaligned/Project_bloom_lab/PlateB_20_S20_R1_001.fastq.gz
E3,A/Zambia/6-NIC-014/2026_H1N1,none,1,1,/shared/ngs/illumina/bloom_lab/260731_VH00699_635_AAJHGFVM5/Unaligned/Project_bloom_lab/PlateB_21_S21_R1_001.fastq.gz
F3,A/Mississippi/20/2026_H1N1,none,1,1,/shared/ngs/illumina/bloom_lab/260731_VH00699_635_AAJHGFVM5/Unaligned/Project_bloom_lab/PlateB_22_S22_R1_001.fastq.gz
G3,A/BritishColumbia/RV05508-25/2025_H1N1,none,1,1,/shared/ngs/illumina/bloom_lab/260731_VH00699_635_AAJHGFVM5/Unaligned/Project_bloom_lab/PlateB_23_S23_R1_001.fastq.gz
H3,A/Zambia/7-NIC-313/2026_H1N1,none,1,1,/shared/ngs/illumina/bloom_lab/260731_VH00699_635_AAJHGFVM5/Unaligned/Project_bloom_lab/PlateB_24_S24_R1_001.fastq.gz
A4,A/Andalucia/PMC-01495/2025_H1N1,none,1,1,/shared/ngs/illumina/bloom_lab/260731_VH00699_635_AAJHGFVM5/Unaligned/Project_bloom_lab/PlateB_25_S25_R1_001.fastq.gz
B4,A/Netherlands/2398/2025_H1N1,none,1,1,/shared/ngs/illumina/bloom_lab/260731_VH00699_635_AAJHGFVM5/Unaligned/Project_bloom_lab/PlateB_26_S26_R1_001.fastq.gz
C4,A/Netherlands/10008/2026_H1N1,none,1,1,/shared/ngs/illumina/bloom_lab/260731_VH00699_635_AAJHGFVM5/Unaligned/Project_bloom_lab/PlateB_27_S27_R1_001.fastq.gz
D4,A/BritishColumbia/RV01350-26/2026_H1N1,none,1,1,/shared/ngs/illumina/bloom_lab/260731_VH00699_635_AAJHGFVM5/Unaligned/Project_bloom_lab/PlateB_28_S28_R1_001.fastq.gz
E4,A/Vietnam/PF125413/2025_H1N1,none,1,1,/shared/ngs/illumina/bloom_lab/260731_VH00699_635_AAJHGFVM5/Unaligned/Project_bloom_lab/PlateB_29_S29_R1_001.fastq.gz
F4,A/Saskatchewan/SKFLU490586/2026_H1N1,none,1,1,/shared/ngs/illumina/bloom_lab/260731_VH00699_635_AAJHGFVM5/Unaligned/Project_bloom_lab/PlateB_30_S30_R1_001.fastq.gz
G4,A/Asturias/232590913/2025_H1N1,none,1,1,/shared/ngs/illumina/bloom_lab/260731_VH00699_635_AAJHGFVM5/Unaligned/Project_bloom_lab/PlateB_31_S31_R1_001.fastq.gz
H4,A/NewBrunswick/NBPHLFLUA10B-MM00057R/2026_H1N1,none,1,1,/shared/ngs/illumina/bloom_lab/260731_VH00699_635_AAJHGFVM5/Unaligned/Project_bloom_lab/PlateB_32_S32_R1_001.fastq.gz
A5,A/Texas/29/2026_H1N1,none,1,1,/shared/ngs/illumina/bloom_lab/260731_VH00699_635_AAJHGFVM5/Unaligned/Project_bloom_lab/PlateB_33_S33_R1_001.fastq.gz
B5,A/Andalucia/PMC-01217/2025_H1N1,none,1,1,/shared/ngs/illumina/bloom_lab/260731_VH00699_635_AAJHGFVM5/Unaligned/Project_bloom_lab/PlateB_34_S34_R1_001.fastq.gz
C5,A/California/NIRC-IS-1356/2025_H1N1,none,1,1,/shared/ngs/illumina/bloom_lab/260731_VH00699_635_AAJHGFVM5/Unaligned/Project_bloom_lab/PlateB_35_S35_R1_001.fastq.gz
D5,A/Netherlands/543/2026_H1N1,none,1,1,/shared/ngs/illumina/bloom_lab/260731_VH00699_635_AAJHGFVM5/Unaligned/Project_bloom_lab/PlateB_36_S36_R1_001.fastq.gz
E5,A/Galicia/GA-CHUAC-612/2025_H1N1,none,1,1,/shared/ngs/illumina/bloom_lab/260731_VH00699_635_AAJHGFVM5/Unaligned/Project_bloom_lab/PlateB_37_S37_R1_001.fastq.gz
F5,A/Denmark/4774/2025_H1N1,none,1,1,/shared/ngs/illumina/bloom_lab/260731_VH00699_635_AAJHGFVM5/Unaligned/Project_bloom_lab/PlateB_38_S38_R1_001.fastq.gz
G5,A/PaisVasco/70369726/2026_H1N1,none,1,1,/shared/ngs/illumina/bloom_lab/260731_VH00699_635_AAJHGFVM5/Unaligned/Project_bloom_lab/PlateB_39_S39_R1_001.fastq.gz
H5,A/MinasGerais/410/2026_H1N1,none,1,1,/shared/ngs/illumina/bloom_lab/260731_VH00699_635_AAJHGFVM5/Unaligned/Project_bloom_lab/PlateB_40_S40_R1_001.fastq.gz
A6,A/Hessen/18/2026_H1N1,none,1,1,/shared/ngs/illumina/bloom_lab/260731_VH00699_635_AAJHGFVM5/Unaligned/Project_bloom_lab/PlateB_41_S41_R1_001.fastq.gz
B6,A/France/GES-IPP00659/2026_H1N1,none,1,1,/shared/ngs/illumina/bloom_lab/260731_VH00699_635_AAJHGFVM5/Unaligned/Project_bloom_lab/PlateB_42_S42_R1_001.fastq.gz
C6,A/Netherlands/446/2026_H1N1,none,1,1,/shared/ngs/illumina/bloom_lab/260731_VH00699_635_AAJHGFVM5/Unaligned/Project_bloom_lab/PlateB_43_S43_R1_001.fastq.gz
D6,A/Ukraine/5214/2026_H1N1,none,1,1,/shared/ngs/illumina/bloom_lab/260731_VH00699_635_AAJHGFVM5/Unaligned/Project_bloom_lab/PlateB_44_S44_R1_001.fastq.gz
E6,A/Vietnam/PF126009/2026_H1N1,none,1,1,/shared/ngs/illumina/bloom_lab/260731_VH00699_635_AAJHGFVM5/Unaligned/Project_bloom_lab/PlateB_45_S45_R1_001.fastq.gz
F6,A/France/ARA-HCL025195259501/2025_H1N1,none,1,1,/shared/ngs/illumina/bloom_lab/260731_VH00699_635_AAJHGFVM5/Unaligned/Project_bloom_lab/PlateB_46_S46_R1_001.fastq.gz
G6,A/NordrheinWestfalen/96/2026_H1N1,none,1,1,/shared/ngs/illumina/bloom_lab/260731_VH00699_635_AAJHGFVM5/Unaligned/Project_bloom_lab/PlateB_47_S47_R1_001.fastq.gz
H6,A/Arizona/40/2026_H1N1,none,1,1,/shared/ngs/illumina/bloom_lab/260731_VH00699_635_AAJHGFVM5/Unaligned/Project_bloom_lab/PlateB_48_S48_R1_001.fastq.gz
A7,A/MinasGerais/671/2026_H1N1,none,1,1,/shared/ngs/illumina/bloom_lab/260731_VH00699_635_AAJHGFVM5/Unaligned/Project_bloom_lab/PlateB_49_S49_R1_001.fastq.gz
B7,A/SouthAfrica/NICD-R01647/2026_H1N1,none,1,1,/shared/ngs/illumina/bloom_lab/260731_VH00699_635_AAJHGFVM5/Unaligned/Project_bloom_lab/PlateB_50_S50_R1_001.fastq.gz
C7,A/Switzerland/UN-SNRCI-HUG-053/2025_H1N1,none,1,1,/shared/ngs/illumina/bloom_lab/260731_VH00699_635_AAJHGFVM5/Unaligned/Project_bloom_lab/PlateB_51_S51_R1_001.fastq.gz
D7,A/Mauritius/26000203/2026_H1N1,none,1,1,/shared/ngs/illumina/bloom_lab/260731_VH00699_635_AAJHGFVM5/Unaligned/Project_bloom_lab/PlateB_52_S52_R1_001.fastq.gz
E7,A/SouthAfrica/NICD-R01668/2026_H1N1,none,1,1,/shared/ngs/illumina/bloom_lab/260731_VH00699_635_AAJHGFVM5/Unaligned/Project_bloom_lab/PlateB_53_S53_R1_001.fastq.gz
F7,A/SouthAfrica/PATH-CERI-C073366/2025_H1N1,none,1,1,/shared/ngs/illumina/bloom_lab/260731_VH00699_635_AAJHGFVM5/Unaligned/Project_bloom_lab/PlateB_54_S54_R1_001.fastq.gz
G7,A/Wisconsin/67/2022_H1N1,none,1,1,/shared/ngs/illumina/bloom_lab/260731_VH00699_635_AAJHGFVM5/Unaligned/Project_bloom_lab/PlateB_55_S55_R1_001.fastq.gz
H7,A/Wisconsin/588/2019_H1N1,none,1,1,/shared/ngs/illumina/bloom_lab/260731_VH00699_635_AAJHGFVM5/Unaligned/Project_bloom_lab/PlateB_56_S56_R1_001.fastq.gz
A8,A/Victoria/4897/2022_IVR-238_H1N1,none,1,1,/shared/ngs/illumina/bloom_lab/260731_VH00699_635_AAJHGFVM5/Unaligned/Project_bloom_lab/PlateB_57_S57_R1_001.fastq.gz
B8,A/Thailand/8/2022_H3N2,none,1,1,/shared/ngs/illumina/bloom_lab/260731_VH00699_635_AAJHGFVM5/Unaligned/Project_bloom_lab/PlateB_58_S58_R1_001.fastq.gz
C8,A/Massachusetts/18/2022_H3N2,none,1,1,/shared/ngs/illumina/bloom_lab/260731_VH00699_635_AAJHGFVM5/Unaligned/Project_bloom_lab/PlateB_59_S59_R1_001.fastq.gz
D8,A/Hawaii/70/2019_H1N1,none,1,1,/shared/ngs/illumina/bloom_lab/260731_VH00699_635_AAJHGFVM5/Unaligned/Project_bloom_lab/PlateB_60_S60_R1_001.fastq.gz
E8,A/District_Of_Columbia/27/2023_H3N2,none,1,1,/shared/ngs/illumina/bloom_lab/260731_VH00699_635_AAJHGFVM5/Unaligned/Project_bloom_lab/PlateB_61_S61_R1_001.fastq.gz
F8,A/Croatia/10136RV/2023_H3N2,none,1,1,/shared/ngs/illumina/bloom_lab/260731_VH00699_635_AAJHGFVM5/Unaligned/Project_bloom_lab/PlateB_62_S62_R1_001.fastq.gz
G8,A/Colombia/1851/2024_H3N2,none,1,1,/shared/ngs/illumina/bloom_lab/260731_VH00699_635_AAJHGFVM5/Unaligned/Project_bloom_lab/PlateB_63_S63_R1_001.fastq.gz
H8,A/Hawaii/ISC-1140/2025_H1N1,none,1,1,/shared/ngs/illumina/bloom_lab/260731_VH00699_635_AAJHGFVM5/Unaligned/Project_bloom_lab/PlateB_64_S64_R1_001.fastq.gz
B9,A/Ohio/259/2024_H1N1,none,1,1,/shared/ngs/illumina/bloom_lab/260731_VH00699_635_AAJHGFVM5/Unaligned/Project_bloom_lab/PlateB_66_S66_R1_001.fastq.gz
C9,A/Colorado/218/2024_H1N1,none,1,1,/shared/ngs/illumina/bloom_lab/260731_VH00699_635_AAJHGFVM5/Unaligned/Project_bloom_lab/PlateB_67_S67_R1_001.fastq.gz
D9,A/Zacapa/FLU-012/2025_H1N1,none,1,1,/shared/ngs/illumina/bloom_lab/260731_VH00699_635_AAJHGFVM5/Unaligned/Project_bloom_lab/PlateB_68_S68_R1_001.fastq.gz
E9,A/Tokyo/EIS11-277/2024_H1N1,none,1,1,/shared/ngs/illumina/bloom_lab/260731_VH00699_635_AAJHGFVM5/Unaligned/Project_bloom_lab/PlateB_69_S69_R1_001.fastq.gz
F9,A/Singapore/MOH0547/2024_H1N1,none,1,1,/shared/ngs/illumina/bloom_lab/260731_VH00699_635_AAJHGFVM5/Unaligned/Project_bloom_lab/PlateB_70_S70_R1_001.fastq.gz
G9,A/Galicia/GA-CHUAC-451/2025_H3N2,none,1,1,/shared/ngs/illumina/bloom_lab/260731_VH00699_635_AAJHGFVM5/Unaligned/Project_bloom_lab/PlateB_71_S71_R1_001.fastq.gz
H9,A/Distrito_Federal/250106000728/2025_H3N2,none,1,1,/shared/ngs/illumina/bloom_lab/260731_VH00699_635_AAJHGFVM5/Unaligned/Project_bloom_lab/PlateB_72_S72_R1_001.fastq.gz
A10,A/Bangkok/P2390/2025_H3N2,none,1,1,/shared/ngs/illumina/bloom_lab/260731_VH00699_635_AAJHGFVM5/Unaligned/Project_bloom_lab/PlateB_73_S73_R1_001.fastq.gz
B10,A/Darwin/1415/2025_H3N2,none,1,1,/shared/ngs/illumina/bloom_lab/260731_VH00699_635_AAJHGFVM5/Unaligned/Project_bloom_lab/PlateB_74_S74_R1_001.fastq.gz
C10,A/Missouri/11/2025_cell_H1N1,none,1,1,/shared/ngs/illumina/bloom_lab/260731_VH00699_635_AAJHGFVM5/Unaligned/Project_bloom_lab/PlateB_75_S75_R1_001.fastq.gz
D10,A/Norway/9556/2025_H1N1,none,1,1,/shared/ngs/illumina/bloom_lab/260731_VH00699_635_AAJHGFVM5/Unaligned/Project_bloom_lab/PlateB_76_S76_R1_001.fastq.gz
E10,A/Andalucia/PMC-00977/2025_H1N1,none,1,1,/shared/ngs/illumina/bloom_lab/260731_VH00699_635_AAJHGFVM5/Unaligned/Project_bloom_lab/PlateB_77_S77_R1_001.fastq.gz
F10,A/Lisboa/216/2023_H3N2,none,1,1,/shared/ngs/illumina/bloom_lab/260731_VH00699_635_AAJHGFVM5/Unaligned/Project_bloom_lab/PlateB_78_S78_R1_001.fastq.gz
G10,A/Netherlands/1739/2023_H1N1,none,1,1,/shared/ngs/illumina/bloom_lab/260731_VH00699_635_AAJHGFVM5/Unaligned/Project_bloom_lab/PlateB_79_S79_R1_001.fastq.gz
H10,A/Vietnam/F7324/2024_H3N2,none,1,1,/shared/ngs/illumina/bloom_lab/260731_VH00699_635_AAJHGFVM5/Unaligned/Project_bloom_lab/PlateB_80_S80_R1_001.fastq.gz
A11,A/South_Australia/2523812314/2025_H3N2,none,1,1,/shared/ngs/illumina/bloom_lab/260731_VH00699_635_AAJHGFVM5/Unaligned/Project_bloom_lab/PlateB_81_S81_R1_001.fastq.gz
B11,A/South_Australia/2527213276/2025_H3N2,none,1,1,/shared/ngs/illumina/bloom_lab/260731_VH00699_635_AAJHGFVM5/Unaligned/Project_bloom_lab/PlateB_82_S82_R1_001.fastq.gz
C11,A/Bangkok/P2391/2025_H3N2,none,1,1,/shared/ngs/illumina/bloom_lab/260731_VH00699_635_AAJHGFVM5/Unaligned/Project_bloom_lab/PlateB_83_S83_R1_001.fastq.gz
D11,A/Malaysia/IMR/SARI/2406/2025_H3N2,none,1,1,/shared/ngs/illumina/bloom_lab/260731_VH00699_635_AAJHGFVM5/Unaligned/Project_bloom_lab/PlateB_84_S84_R1_001.fastq.gz
E11,A/Sydney/1359/2024_H3N2,none,1,1,/shared/ngs/illumina/bloom_lab/260731_VH00699_635_AAJHGFVM5/Unaligned/Project_bloom_lab/PlateB_85_S85_R1_001.fastq.gz
