sequential_site	protein	protein_site	Caton_epitope
1	HA1	1	0
2	HA1	2	0
3	HA1	3	0
4	HA1	4	0
5	HA1	5	0
6	HA1	6	0
7	HA1	7	0
8	HA1	8	0
9	HA1	9	0
10	HA1	10	0
11	HA1	11	0
12	HA1	12	0
13	HA1	13	0
14	HA1	14	0
15	HA1	15	0
16	HA1	16	0
17	HA1	17	0
18	HA1	18	0
19	HA1	19	0
20	HA1	20	0
21	HA1	21	0
22	HA1	22	0
23	HA1	23	0
24	HA1	24	0
25	HA1	25	0
26	HA1	26	0
27	HA1	27	0
28	HA1	28	0
29	HA1	29	0
30	HA1	30	0
31	HA1	31	0
32	HA1	32	0
33	HA1	33	0
34	HA1	34	0
35	HA1	35	0
36	HA1	36	0
37	HA1	37	0
38	HA1	38	0
39	HA1	39	0
40	HA1	40	0
41	HA1	41	0
42	HA1	42	0
43	HA1	43	0
44	HA1	44	0
45	HA1	45	0
46	HA1	46	0
47	HA1	47	0
48	HA1	48	0
49	HA1	49	0
50	HA1	50	0
51	HA1	51	0
52	HA1	52	0
53	HA1	53	0
54	HA1	54	0
55	HA1	55	0
56	HA1	56	0
57	HA1	57	0
58	HA1	58	0
59	HA1	59	0
60	HA1	60	0
61	HA1	61	0
62	HA1	62	0
63	HA1	63	0
64	HA1	64	0
65	HA1	65	0
66	HA1	66	0
67	HA1	67	0
68	HA1	68	0
69	HA1	69	0
70	HA1	70	1
71	HA1	71	1
72	HA1	72	1
73	HA1	73	1
74	HA1	74	1
75	HA1	75	1
76	HA1	76	0
77	HA1	77	0
78	HA1	78	0
79	HA1	79	0
80	HA1	80	0
81	HA1	81	0
82	HA1	82	0
83	HA1	83	0
84	HA1	84	0
85	HA1	85	0
86	HA1	86	0
87	HA1	87	0
88	HA1	88	0
89	HA1	89	0
90	HA1	90	0
91	HA1	91	0
92	HA1	92	0
93	HA1	93	0
94	HA1	94	0
95	HA1	95	0
96	HA1	96	0
97	HA1	97	0
98	HA1	98	0
99	HA1	99	0
100	HA1	100	0
101	HA1	101	0
102	HA1	102	0
103	HA1	103	0
104	HA1	104	0
105	HA1	105	0
106	HA1	106	0
107	HA1	107	0
108	HA1	108	0
109	HA1	109	0
110	HA1	110	0
111	HA1	111	0
112	HA1	112	0
113	HA1	113	0
114	HA1	114	0
115	HA1	115	0
116	HA1	116	0
117	HA1	117	0
118	HA1	118	0
119	HA1	119	0
120	HA1	120	0
121	HA1	121	0
122	HA1	122	0
123	HA1	123	0
124	HA1	124	1
125	HA1	125	1
126	HA1	126	0
127	HA1	127	0
128	HA1	128	0
129	HA1	129	0
130	HA1	130	0
131	HA1	131	0
132	HA1	132	0
133	HA1	133	0
134	HA1	134	0
135	HA1	135	0
136	HA1	136	0
137	HA1	137	1
138	HA1	138	1
139	HA1	139	1
140	HA1	140	1
141	HA1	141	1
142	HA1	142	1
143	HA1	143	0
144	HA1	144	0
145	HA1	145	0
146	HA1	146	0
147	HA1	147	0
148	HA1	148	0
149	HA1	149	0
150	HA1	150	0
151	HA1	151	0
152	HA1	152	0
153	HA1	153	1
154	HA1	154	1
155	HA1	155	1
156	HA1	156	1
157	HA1	157	1
158	HA1	158	0
159	HA1	159	1
160	HA1	160	1
161	HA1	161	1
162	HA1	162	1
163	HA1	163	1
164	HA1	164	1
165	HA1	165	0
166	HA1	166	1
167	HA1	167	1
168	HA1	168	1
169	HA1	169	1
170	HA1	170	1
171	HA1	171	0
172	HA1	172	0
173	HA1	173	0
174	HA1	174	0
175	HA1	175	0
176	HA1	176	0
177	HA1	177	0
178	HA1	178	0
179	HA1	179	0
180	HA1	180	0
181	HA1	181	0
182	HA1	182	0
183	HA1	183	0
184	HA1	184	1
185	HA1	185	1
186	HA1	186	1
187	HA1	187	1
188	HA1	188	1
189	HA1	189	1
190	HA1	190	1
191	HA1	191	1
192	HA1	192	1
193	HA1	193	1
194	HA1	194	1
195	HA1	195	1
196	HA1	196	0
197	HA1	197	0
198	HA1	198	0
199	HA1	199	0
200	HA1	200	0
201	HA1	201	0
202	HA1	202	0
203	HA1	203	1
204	HA1	204	1
205	HA1	205	1
206	HA1	206	0
207	HA1	207	0
208	HA1	208	0
209	HA1	209	0
210	HA1	210	0
211	HA1	211	0
212	HA1	212	0
213	HA1	213	0
214	HA1	214	0
215	HA1	215	0
216	HA1	216	0
217	HA1	217	0
218	HA1	218	0
219	HA1	219	0
220	HA1	220	0
221	HA1	221	1
222	HA1	222	1
223	HA1	223	0
224	HA1	224	0
225	HA1	225	0
226	HA1	226	0
227	HA1	227	0
228	HA1	228	0
229	HA1	229	0
230	HA1	230	0
231	HA1	231	0
232	HA1	232	0
233	HA1	233	0
234	HA1	234	0
235	HA1	235	1
236	HA1	236	1
237	HA1	237	1
238	HA1	238	0
239	HA1	239	0
240	HA1	240	0
241	HA1	241	0
242	HA1	242	0
243	HA1	243	0
244	HA1	244	0
245	HA1	245	0
246	HA1	246	0
247	HA1	247	0
248	HA1	248	0
249	HA1	249	0
250	HA1	250	0
251	HA1	251	0
252	HA1	252	0
253	HA1	253	0
254	HA1	254	0
255	HA1	255	0
256	HA1	256	0
257	HA1	257	0
258	HA1	258	0
259	HA1	259	0
260	HA1	260	0
261	HA1	261	0
262	HA1	262	0
263	HA1	263	0
264	HA1	264	0
265	HA1	265	0
266	HA1	266	0
267	HA1	267	0
268	HA1	268	0
269	HA1	269	0
270	HA1	270	0
271	HA1	271	0
272	HA1	272	0
273	HA1	273	0
274	HA1	274	0
275	HA1	275	0
276	HA1	276	0
277	HA1	277	0
278	HA1	278	0
279	HA1	279	0
280	HA1	280	0
281	HA1	281	0
282	HA1	282	0
283	HA1	283	0
284	HA1	284	0
285	HA1	285	0
286	HA1	286	0
287	HA1	287	0
288	HA1	288	0
289	HA1	289	0
290	HA1	290	0
291	HA1	291	0
292	HA1	292	0
293	HA1	293	0
294	HA1	294	0
295	HA1	295	0
296	HA1	296	0
297	HA1	297	0
298	HA1	298	0
299	HA1	299	0
300	HA1	300	0
301	HA1	301	0
302	HA1	302	0
303	HA1	303	0
304	HA1	304	0
305	HA1	305	0
306	HA1	306	0
307	HA1	307	0
308	HA1	308	0
309	HA1	309	0
310	HA1	310	0
311	HA1	311	0
312	HA1	312	0
313	HA1	313	0
314	HA1	314	0
315	HA1	315	0
316	HA1	316	0
317	HA1	317	0
318	HA1	318	0
319	HA1	319	0
320	HA1	320	0
321	HA1	321	0
322	HA1	322	0
323	HA1	323	0
324	HA1	324	0
325	HA1	325	0
326	HA1	326	0
327	HA1	327	0
328	HA2	1	0
329	HA2	2	0
330	HA2	3	0
331	HA2	4	0
332	HA2	5	0
333	HA2	6	0
334	HA2	7	0
335	HA2	8	0
336	HA2	9	0
337	HA2	10	0
338	HA2	11	0
339	HA2	12	0
340	HA2	13	0
341	HA2	14	0
342	HA2	15	0
343	HA2	16	0
344	HA2	17	0
345	HA2	18	0
346	HA2	19	0
347	HA2	20	0
348	HA2	21	0
349	HA2	22	0
350	HA2	23	0
351	HA2	24	0
352	HA2	25	0
353	HA2	26	0
354	HA2	27	0
355	HA2	28	0
356	HA2	29	0
357	HA2	30	0
358	HA2	31	0
359	HA2	32	0
360	HA2	33	0
361	HA2	34	0
362	HA2	35	0
363	HA2	36	0
364	HA2	37	0
365	HA2	38	0
366	HA2	39	0
367	HA2	40	0
368	HA2	41	0
369	HA2	42	0
370	HA2	43	0
371	HA2	44	0
372	HA2	45	0
373	HA2	46	0
374	HA2	47	0
375	HA2	48	0
376	HA2	49	0
377	HA2	50	0
378	HA2	51	0
379	HA2	52	0
380	HA2	53	0
381	HA2	54	0
382	HA2	55	0
383	HA2	56	0
384	HA2	57	0
385	HA2	58	0
386	HA2	59	0
387	HA2	60	0
388	HA2	61	0
389	HA2	62	0
390	HA2	63	0
391	HA2	64	0
392	HA2	65	0
393	HA2	66	0
394	HA2	67	0
395	HA2	68	0
396	HA2	69	0
397	HA2	70	0
398	HA2	71	0
399	HA2	72	0
400	HA2	73	0
401	HA2	74	0
402	HA2	75	0
403	HA2	76	0
404	HA2	77	0
405	HA2	78	0
406	HA2	79	0
407	HA2	80	0
408	HA2	81	0
409	HA2	82	0
410	HA2	83	0
411	HA2	84	0
412	HA2	85	0
413	HA2	86	0
414	HA2	87	0
415	HA2	88	0
416	HA2	89	0
417	HA2	90	0
418	HA2	91	0
419	HA2	92	0
420	HA2	93	0
421	HA2	94	0
422	HA2	95	0
423	HA2	96	0
424	HA2	97	0
425	HA2	98	0
426	HA2	99	0
427	HA2	100	0
428	HA2	101	0
429	HA2	102	0
430	HA2	103	0
431	HA2	104	0
432	HA2	105	0
433	HA2	106	0
434	HA2	107	0
435	HA2	108	0
436	HA2	109	0
437	HA2	110	0
438	HA2	111	0
439	HA2	112	0
440	HA2	113	0
441	HA2	114	0
442	HA2	115	0
443	HA2	116	0
444	HA2	117	0
445	HA2	118	0
446	HA2	119	0
447	HA2	120	0
448	HA2	121	0
449	HA2	122	0
450	HA2	123	0
451	HA2	124	0
452	HA2	125	0
453	HA2	126	0
454	HA2	127	0
455	HA2	128	0
456	HA2	129	0
457	HA2	130	0
458	HA2	131	0
459	HA2	132	0
460	HA2	133	0
461	HA2	134	0
462	HA2	135	0
463	HA2	136	0
464	HA2	137	0
465	HA2	138	0
466	HA2	139	0
467	HA2	140	0
468	HA2	141	0
469	HA2	142	0
470	HA2	143	0
471	HA2	144	0
472	HA2	145	0
473	HA2	146	0
474	HA2	147	0
475	HA2	148	0
476	HA2	149	0
477	HA2	150	0
478	HA2	151	0
479	HA2	152	0
480	HA2	153	0
481	HA2	154	0
482	HA2	155	0
483	HA2	156	0
484	HA2	157	0
485	HA2	158	0
486	HA2	159	0
487	HA2	160	0
488	HA2	161	0
489	HA2	162	0
490	HA2	163	0
491	HA2	164	0
492	HA2	165	0
493	HA2	166	0
494	HA2	167	0
495	HA2	168	0
496	HA2	169	0
497	HA2	170	0
498	HA2	171	0
499	HA2	172	0
500	HA2	173	0
501	HA2	174	0
502	HA2	175	0
503	HA2	176	0
504	HA2	177	0
505	HA2	178	0
506	HA2	179	0
507	HA2	180	0
508	HA2	181	0
509	HA2	182	0
510	HA2	183	0
511	HA2	184	0
512	HA2	185	0
513	HA2	186	0
514	HA2	187	0
515	HA2	188	0
516	HA2	189	0
517	HA2	190	0
518	HA2	191	0
519	HA2	192	0
520	HA2	193	0
521	HA2	194	0
522	HA2	195	0
523	HA2	196	0
524	HA2	197	0
525	HA2	198	0
526	HA2	199	0
527	HA2	200	0
528	HA2	201	0
529	HA2	202	0
530	HA2	203	0
531	HA2	204	0
532	HA2	205	0
533	HA2	206	0
534	HA2	207	0
535	HA2	208	0
536	HA2	209	0
537	HA2	210	0
538	HA2	211	0
539	HA2	212	0
540	HA2	213	0
541	HA2	214	0
542	HA2	215	0
543	HA2	216	0
544	HA2	217	0
545	HA2	218	0
546	HA2	219	0
547	HA2	220	0
548	HA2	221	0
549	HA2	222	0
