barcode,count,fraction_all_valid_and_invalid_counts
GTACAAACCTGCAAAT,109044,0.0465
CAATTAGAAATACATA,87738,0.0374
AACCACCGAGTGACCG,58560,0.025
AAAAAATTTATGACAA,58356,0.0249
TACCCTGCAAGCCACT,44108,0.0188
AACGACAAACAGTAAG,38429,0.0164
CTTGGATTTGTTTGGC,35838,0.0153
GCGCGGATAGATGAAC,32083,0.0137
TCGCTGGCTGCTGGGT,28805,0.0123
TTATCTGTAGAGCGCT,28123,0.012
CATACAGAGTTTGTTG,22644,0.00966
TGACGATGCTCCCATT,20705,0.00883
GCAATTCATGGACTTG,17929,0.00765
TGCCGATCTCAGGGGG,17842,0.00761
ATGCAGGTCTAAGCAT,17000,0.00725
CAACGGAACGATATTG,16426,0.00701
GCAGTGCGCACCCCGA,16113,0.00687
TGGTACAAAAATAGAG,15898,0.00678
TAGGGAAACGAAAAGC,15451,0.00659
TCTGGACCGCGCTCTT,15443,0.00659
CTTTAAATTATAGTCT,15424,0.00658
TCTTAGAGTAGTATAG,15423,0.00658
ATGAACCCGGACCACC,15053,0.00642
TCTTTCCGAGACGATT,14920,0.00636
TATGCCTAACCGAAGA,14624,0.00624
GAGCCTGGCTGTAACC,14388,0.00614
TTGGAGAATCCGTCTA,13712,0.00585
GCTAACGGGCATCTAC,13675,0.00583
AGTTACCTGCAAATAC,13262,0.00566
GTCAGAACCACTTGCG,13141,0.0056
TGCGGTGGTCGATCCG,12746,0.00544
GTCACAGTCATCGTGT,12648,0.00539
GAGACGACCAAGTCCA,12623,0.00538
TATCAAGTGTCCCGGG,12152,0.00518
CATTGTAATGAAGCCT,12141,0.00518
CCACTTCACTGAAATC,12023,0.00513
TGCACTTGACCGGGAA,11901,0.00508
GCGCCGTAGAAACGTC,11775,0.00502
GCGCTTGCTCTTAAGT,11500,0.0049
TACTCCTGCGGCAACG,11405,0.00486
ATTACACTGGAAGGTT,11323,0.00483
GTCCTAGTGCATAGGA,11233,0.00479
CGGGTCCTAGGCGAGG,11058,0.00472
GATCGGGTGGTATGCT,11057,0.00472
ACGGCATCCCAATTGA,10949,0.00467
TTAATGTTGGGTATCC,10932,0.00466
AAACGGCGCAGGCACA,10893,0.00465
GAAGAAACTATAACCA,10830,0.00462
AGCCCATACCCGGGTG,10712,0.00457
CAGAAGCAAAAGATAG,10668,0.00455
AGCATGTTTCTTATGC,10460,0.00446
TCGGAGAGCGATCCGC,10272,0.00438
TGCCCAATCAGGAGGT,10167,0.00434
TCGGCGTGAGCATGGC,10147,0.00433
GTATGAATCGCCACCA,10131,0.00432
CGGTCTAGTCTGGTGT,10075,0.0043
CGATGATGTAAACATG,10040,0.00428
CTTAGGTATTATATGC,9991,0.00426
ATGATATGCTTACGCA,9709,0.00414
GCTGATAAACAATCTA,9630,0.00411
GTCGTACGATTTAGGA,9600,0.00409
TATTGGTGGGGTAAAC,9582,0.00409
TGGAGAAGTCACGCAA,9559,0.00408
TAGAGCTGTTGACAAA,9531,0.00406
AGACCATCGCACCCAA,9513,0.00406
CCAACGCTTCATGTTT,9480,0.00404
AAGGACAAGCAGCAGG,9415,0.00402
GTAGATACTAGGACCA,9407,0.00401
TAAGCTTACATTTCCT,9293,0.00396
TCGCACGCGTTCATCA,9274,0.00395
GCATGAGGGTATACCC,9260,0.00395
AGACGGGGATTTTCAA,9224,0.00393
GTAGAACTGCGGCCCC,9223,0.00393
TGATTTTGCCGAGAGA,9219,0.00393
GTTCAAGACTGACTCA,9216,0.00393
CTAAAATCTTGACCAA,9170,0.00391
TCCTATTTTGCAAGTG,9040,0.00386
TAAACCTCTACTGATA,8893,0.00379
AGGCGAAAGGGAGGGA,8860,0.00378
CTACTCTTAGGCCGGG,8860,0.00378
TAGCATATCGGTTGAT,8833,0.00377
TTGTCGACGATGTAGA,8772,0.00374
CGAGCATTAAGAGGTA,8690,0.00371
TGTAAGCTAATTTAAG,8643,0.00369
ATACATATTTTGCCTT,8571,0.00366
CGTACTTGTTCTCTCA,8496,0.00362
ACCTCAGTGAGAGCTA,8398,0.00358
CCTACAATGCGCTTTG,8378,0.00357
AATTGGGACTCTGCGA,8370,0.00357
GCTGCGACGGCTCACG,8265,0.00352
TGATCTTAGGTTAGCT,8259,0.00352
ATTCGTGAACACGAGA,8230,0.00351
AAGAAGCTATAGAAGT,8139,0.00347
GTGTCGTGTTAAAGGC,8115,0.00346
AAGACTCTGTGAGTAA,8111,0.00346
AACTCCAATTTGTTTT,8038,0.00343
CGCATAACACCATCAA,8029,0.00342
ACTTTTTGTAACTCCA,7908,0.00337
GCTGCTAATGCGCACG,7900,0.00337
AGTTTCGAATCAAACT,7861,0.00335
ATAGGCACTCGGTGCG,7665,0.00327
CTCTAGTTCGGGGCCA,7574,0.00323
AGAAGATCGGATGTTT,7562,0.00322
CCAAAGCACTGTACTA,7460,0.00318
CCGGATATGGCTGGTC,7319,0.00312
GAATAATAGAACAGAG,7319,0.00312
AGGCCGCCGGTCATGA,7305,0.00312
ATAGGTAGGTTAATGC,7248,0.00309
CCAGTAAATGCAAACC,7202,0.00307
GATAACAACTTCACCT,7202,0.00307
TCTCTCCGTCCCACGT,7125,0.00304
GCATGTAGGTATGATG,7105,0.00303
TCTATATAGATCCTTA,7080,0.00302
GTCGCCGCTAATCCGA,6957,0.00297
AAATAAGCTGTCGCGA,6936,0.00296
CCTTGGGTATACTCAT,6890,0.00294
CGACAGAGTTCGTGGA,6779,0.00289
TGAGCCAATTAAGTAG,6757,0.00288
CCCTGGTATACTCGGC,6753,0.00288
GTGCACACACTTATCG,6735,0.00287
CATTTCTGATGAATTG,6683,0.00285
TGATTCCTTTGCGCAA,6683,0.00285
ATGCAGTGCTTCAACT,6667,0.00284
TCGAGGAAGGTTCCGA,6592,0.00281
TAGTCAAGACTACATT,6583,0.00281
GAACTGCTAACCTTCA,6557,0.0028
TAGCCTATAATCAAGT,6544,0.00279
ATACAAACGGGGAGGA,6494,0.00277
AGCCACATTCGGTGAT,6486,0.00277
TGGCATATGATATTCA,6485,0.00277
ACGTGAGCACAGAGGC,6388,0.00272
CGGTAATCTCAGGACC,6369,0.00272
AGAAAAGATAGGAAAG,6358,0.00271
CGGAAACCTAGCGTTC,6349,0.00271
GTCATGTGGAGGCATC,6341,0.0027
GCAGGTAGACTATCGG,6275,0.00268
GATTAAACGGTGACGC,6218,0.00265
GCCGGCGTAAATACCC,6207,0.00265
TACCCTTAGTGGAGAT,6097,0.0026
CATGTTAAATTTGACA,6094,0.0026
GCGGTGCTCAGCGGGT,6080,0.00259
ACGTCCATTAAGATCA,6069,0.00259
ACCAGGTGGCAGTACA,6004,0.00256
ACCCGTCGGGTTGCAT,5969,0.00255
GAAGTGCTGCTGAAGT,5957,0.00254
GAAGTAGTAGATCATA,5888,0.00251
TTGTGCGTCATAGCGA,5864,0.0025
TCATCTGATCGGTCCG,5862,0.0025
GATCGGAGGATGGCTC,5854,0.0025
GCGGACAGCGGTTATC,5645,0.00241
CGCGACACCCTTCCGG,5624,0.0024
ACTCTCATGAGCGGCC,5562,0.00237
AATCATACATGCTTCT,5514,0.00235
AACGAGTGAGAATGCT,5493,0.00234
CGTACGTATGTCCCAG,5488,0.00234
CGGATATTGAGGAAGA,5345,0.00228
GTCCTACGAGCTACTT,5328,0.00227
CATAAAAGACTGTATA,5323,0.00227
CGCGACAGTTTCCATT,5243,0.00224
AGGAAAGAAACTGGAG,5240,0.00223
GAGGTCGCGCTTGATA,5222,0.00223
CATGTGGAGGGTCGAG,5209,0.00222
TAGCCAGCGGCCGTTA,5190,0.00221
ACTTCACAGGTTGATA,5174,0.00221
TCGACCGAGTCGGGCA,5133,0.00219
GAGGTACCACGTCATT,5097,0.00217
CCAGCTTAGACTTCGC,5061,0.00216
ACGGGGAATGCGAGAG,5035,0.00215
AAGCCCAGCGGGTGAT,4911,0.00209
TGAGCTCTGCACAGTG,4833,0.00206
GAGCAACAACTGGACG,4811,0.00205
TTAGGTAGGGTAAGAT,4787,0.00204
ACCTCTTCCAGTCGGT,4739,0.00202
GAGTACTCTGCGTTTT,4714,0.00201
GTCGCTCCAGGCGGTT,4678,0.00199
AGCCGATTCATGACAT,4651,0.00198
AGGGCGGGATATTGGG,4646,0.00198
AAAGGAAGCCCCTCAC,4606,0.00196
ATGCGGCCTAAGCCTC,4518,0.00193
CCCGCTCTTTGTCCAC,4516,0.00193
GCGGGGAGCTGCACAA,4515,0.00193
ATTTCCCCAAAACACT,4509,0.00192
GACCAGGCCGTCAGTA,4508,0.00192
CTCTCGCCTACTCATA,4490,0.00191
GCCTTCCTTGCAACTA,4413,0.00188
TACCTAAGGTTAGTGC,4401,0.00188
TAACCGGTCAGATGTT,4393,0.00187
GTTTAATTGATCCGCG,4353,0.00186
CTGAACTTGTCGATAT,4349,0.00185
TCCCAAGACAAGCGAC,4343,0.00185
AATGTAATATCCCAGT,4331,0.00185
ATGTACACCCGCTCTA,4265,0.00182
TCCTATGCACGCACAA,4230,0.0018
TGCGGTGACTTACAAG,4212,0.0018
CCCTGAGGTATCATTG,4077,0.00174
GCGAAGTTTCATAGCG,4074,0.00174
AACTCTAAGTAGTGTC,3914,0.00167
ACCACAATAAGTCTCG,3869,0.00165
CGGCGTTGCCAAAGAA,3866,0.00165
CAAGTGGGCTCTACAT,3846,0.00164
ATATTAACGATGTGAA,3765,0.00161
CTTACAGAATACTAGA,3736,0.00159
TCACTCTCCACCGCCC,3681,0.00157
TTTTCTGACGATGCAG,3666,0.00156
TTTGGAGCTATAAGGC,3636,0.00155
AAAGCTCTTTTCGTTC,3566,0.00152
ATTTTGGTACCTACAA,3560,0.00152
GAATCATTTAAGGTTG,3535,0.00151
CGGGAGCTCCGATATA,3492,0.00149
GTTCTGTACACAGCAT,3444,0.00147
CCTACGCTCGTATCCC,3425,0.00146
CACCGGACTAGAAAAT,3415,0.00146
GATCGGAATAACCGTA,3407,0.00145
GCCAATAAGCTCACAC,3393,0.00145
CCTAATAATCCCAACA,3365,0.00144
AAGTTAAGAGAAAGTT,3328,0.00142
ATTGCAACGCCGGTGT,3316,0.00141
TTGTTCGCTTTCAGCC,3314,0.00141
TCACTAGCAGAAGTGC,3219,0.00137
CACGGGCTAATGTCTC,3188,0.00136
TACGGCATGGCCTCCT,3179,0.00136
GTGTTGTTAATAATCG,3161,0.00135
CCGGGGGTGAAGTTCC,3141,0.00134
CCTCGGATAACGGGAC,3131,0.00134
TGCTGCAGCCATCAGT,3117,0.00133
GACGTACATTAAAAAT,3087,0.00132
TTCAACCACACAGTTT,2989,0.00127
TTCCCAGTACTTCTAG,2975,0.00127
CACGGCCGGCGAACTC,2936,0.00125
ACGTCTTCATTTTCCC,2924,0.00125
TGTCCGGATAAAGTAG,2868,0.00122
GCCTCAGCAGGACCCC,2803,0.0012
ACAACCAAGTCTAAGC,2751,0.00117
TTGGTCTTAATAGACA,2723,0.00116
AGCCAGTCAAAGTCTC,2676,0.00114
ATCGCAAGTACCAGTT,2648,0.00113
CTGTTTTAACACACCA,2641,0.00113
CCTCTGTGTACTAATT,2540,0.00108
TAGTCAGGCATGGTCA,2509,0.00107
GCCTATCCGAGTGTCC,2469,0.00105
AAAGGCGCGCCTTCAA,2412,0.00103
GAGCGACACTCGATCT,2257,0.000963
GTACCGACCATGGCTG,2176,0.000928
AGAGATGGTCCGTGCC,2149,0.000916
TTCTGAAAGACACCAC,2147,0.000916
TTTACTCGATCCTCGC,2071,0.000883
TCCACACCCCTAGCTA,2054,0.000876
AGCGTCGGCACCATAT,1944,0.000829
CCCGATACGTACAAAA,1928,0.000822
CCCAAACTGAGGTCCA,1923,0.00082
AGAGCTAAAAAGAGGA,1922,0.00082
TATCCGGGTCTGATGC,1894,0.000808
CAGCGACGTAGGACAC,1871,0.000798
CCTGTAGGCATCACGG,1778,0.000758
TAAGGTACATCCATTC,1778,0.000758
TGACGTCCAGAACAGA,1666,0.00071
AGTAAACATGCATTGG,1640,0.000699
TGAACCCGCCGACTGA,1608,0.000686
CTATCATGGGCGCCCA,1539,0.000656
GTGGGCTCGTCGATAC,1524,0.00065
GATAACTCTGAGCACG,1484,0.000633
TATATTAGTAACATAA,1367,0.000583
CGATCTTTACGAAAAA,1189,0.000507
GAATTCAATCTTTAAA,1172,0.0005
CCATCTGTGGCCTCGA,1155,0.000493
CAGGTGAAGGAACACC,1149,0.00049
CTGAGTTCGTGAGCTG,1133,0.000483
GTCGACTTATGCGCCG,1100,0.000469
AGAACGTGCCTTTGCG,1082,0.000461
CAGGCGTTCTACCCAC,1056,0.00045
CGTCGCCTCATCACGT,993,0.000423
TGCACGTAACCCGCGC,966,0.000412
GCTTTCGTGACATTGT,934,0.000398
GCGCCACGTCCAACAC,906,0.000386
TGGAATCGTCACCGAT,890,0.00038
CGGGTTCGGTTTTGAC,884,0.000377
GCCGGCGTTAGTGTCA,856,0.000365
AAAAGGGCTTTGCGCG,835,0.000356
GTCATCCAAGATAGGT,821,0.00035
TGATTACCAGTCTTCT,820,0.00035
ACTCGCATGTCTGTAG,737,0.000314
CGGCGGATAAGCCCTT,698,0.000298
CAGGAGACTTCGCTCC,673,0.000287
CATGATTAGCCGTTAT,665,0.000284
AGTTTTTATAACTTGC,609,0.00026
GAATCTCCCTATTCAT,581,0.000248
CAGGCTGCTGGGCCGC,575,0.000245
GTGCCAGATACCACAC,563,0.00024
ACAAGCTTTGTGTTAT,516,0.00022
TCGGGTCCACAACCTA,509,0.000217
CGGGATTGGTGAAGTG,485,0.000207
GCTCAGCCTGCGTTTA,482,0.000206
CCGACACAACTACTGG,444,0.000189
GCGACCGCATACTATT,427,0.000182
AGACCTTGTTGGTACA,380,0.000162
AGTGTAGGAGCAGCCC,377,0.000161
ACGTTTGCAAGATGCG,282,0.00012
ATAGAATCGCAAATTA,276,0.000118
TTATCCGCAACTCAGC,226,9.64e-05
GTCACCCCTGCACGAT,223,9.51e-05
TCGGGAATAGTAGAAG,221,9.42e-05
ACGCCGCCGCCTACAT,186,7.93e-05
AAGGAGAGCACGGAGG,138,5.89e-05
AGTCCTATCCTCAAAT,137,5.84e-05
CAGTAGTTGTCATGGG,130,5.54e-05
AATCCGAAATTTATTC,119,5.07e-05
GACCGAAGCCTTATGG,65,2.77e-05
CTCCGTAGCATCACAG,24,1.02e-05
CCGCAGGTTTACAGCA,0,0
TCCGCACTGCGATCAC,0,0
