shortname,strain,subpool,mean_fraction_strain,representation,over_represented,under_represented,x_expected
flu-seqneut-2026_H1N1_1,A/Missouri/11/2025_egg_H1N1,flu-seqneut-2026_h1,0.004878,ok,False,False,0.7219
flu-seqneut-2026_H1N1_2,A/Nebraska/34/2026_H1N1,flu-seqneut-2026_h1,0.003129,under,False,True,0.4631
flu-seqneut-2026_H1N1_3,A/Rhode_Island/11/2026_H1N1,flu-seqneut-2026_h1,0.007573,ok,False,False,1.121
flu-seqneut-2026_H1N1_4,A/Denmark/4547/2025_H1N1,flu-seqneut-2026_h1,0.006283,ok,False,False,0.9299
flu-seqneut-2026_H1N1_5,A/BritishColumbia/RV00022-26/2025_H1N1,flu-seqneut-2026_h1,0.005869,ok,False,False,0.8686
flu-seqneut-2026_H1N1_6,A/France/NAQ-HCL026046169102/2025_H1N1,flu-seqneut-2026_h1,0.00261,under,False,True,0.3863
flu-seqneut-2026_H1N1_7,A/England/1893256/2026_H1N1,flu-seqneut-2026_h1,0.004175,under,False,True,0.6179
flu-seqneut-2026_H1N1_8,A/Uppsala/SE26-01293/2026_H1N1,flu-seqneut-2026_h1,0.00486,ok,False,False,0.7193
flu-seqneut-2026_H1N1_9,A/Sydney/50/2026_H1N1,flu-seqneut-2026_h1,0.006051,ok,False,False,0.8955
flu-seqneut-2026_H1N1_10,A/Maine/25/2026_H1N1,flu-seqneut-2026_h1,0.003968,under,False,True,0.5873
flu-seqneut-2026_H1N1_11,A/Netherlands/864/2026_H1N1,flu-seqneut-2026_h1,0.005262,ok,False,False,0.7788
flu-seqneut-2026_H1N1_12,A/France/HDF-RELAB-IPP07969/2025_H1N1,flu-seqneut-2026_h1,0.005937,ok,False,False,0.8787
flu-seqneut-2026_H1N1_13,A/Virginia/82/2025_H1N1,flu-seqneut-2026_h1,0.004745,ok,False,False,0.7022
flu-seqneut-2026_H1N1_14,A/Valencia/VAHNSI_09_02564/2025_H1N1,flu-seqneut-2026_h1,0.006396,ok,False,False,0.9467
flu-seqneut-2026_H1N1_15,A/SouthAfrica/PATH-CERI-C075119/2026_H1N1,flu-seqneut-2026_h1,0.005461,ok,False,False,0.8082
flu-seqneut-2026_H1N1_16,A/SouthAfrica/PATH-CERI-C073358/2025_H1N1,flu-seqneut-2026_h1,0.003295,under,False,True,0.4877
flu-seqneut-2026_H1N1_17,A/Kentucky/80/2025_H1N1,flu-seqneut-2026_h1,0.004398,under,False,True,0.6509
flu-seqneut-2026_H1N1_18,A/Singapore/KK2768/2025_H1N1,flu-seqneut-2026_h1,0.003512,under,False,True,0.5198
flu-seqneut-2026_H1N1_19,A/SouthAfrica/NHLS-SU-CERI-C075557/2026_H1N1,flu-seqneut-2026_h1,0.005436,ok,False,False,0.8046
flu-seqneut-2026_H1N1_20,A/California/NIRC-IS-1019/2026_H1N1,flu-seqneut-2026_h1,0.00809,ok,False,False,1.197
flu-seqneut-2026_H1N1_21,A/Zambia/6-NIC-014/2026_H1N1,flu-seqneut-2026_h1,0.005297,ok,False,False,0.7839
flu-seqneut-2026_H1N1_22,A/Mississippi/20/2026_H1N1,flu-seqneut-2026_h1,0.006019,ok,False,False,0.8907
flu-seqneut-2026_H1N1_23,A/BritishColumbia/RV05508-25/2025_H1N1,flu-seqneut-2026_h1,0.00531,ok,False,False,0.7859
flu-seqneut-2026_H1N1_24,A/Zambia/7-NIC-313/2026_H1N1,flu-seqneut-2026_h1,0.005639,ok,False,False,0.8345
flu-seqneut-2026_H1N1_25,A/Andalucia/PMC-01495/2025_H1N1,flu-seqneut-2026_h1,0.003972,under,False,True,0.5879
flu-seqneut-2026_H1N1_26,A/Netherlands/2398/2025_H1N1,flu-seqneut-2026_h1,0.004716,ok,False,False,0.698
flu-seqneut-2026_H1N1_27,A/Netherlands/10008/2026_H1N1,flu-seqneut-2026_h1,0.00348,under,False,True,0.515
flu-seqneut-2026_H1N1_28,A/BritishColumbia/RV01350-26/2026_H1N1,flu-seqneut-2026_h1,0.003622,under,False,True,0.536
flu-seqneut-2026_H1N1_29,A/Vietnam/PF125413/2025_H1N1,flu-seqneut-2026_h1,0.003911,under,False,True,0.5788
flu-seqneut-2026_H1N1_30,A/Saskatchewan/SKFLU490586/2026_H1N1,flu-seqneut-2026_h1,0.005981,ok,False,False,0.8853
flu-seqneut-2026_H1N1_31,A/Asturias/232590913/2025_H1N1,flu-seqneut-2026_h1,0.004195,under,False,True,0.6208
flu-seqneut-2026_H1N1_32,A/NewBrunswick/NBPHLFLUA10B-MM00057R/2026_H1N1,flu-seqneut-2026_h1,0.005774,ok,False,False,0.8546
flu-seqneut-2026_H1N1_33,A/Texas/29/2026_H1N1,flu-seqneut-2026_h1,0.005828,ok,False,False,0.8625
flu-seqneut-2026_H1N1_34,A/Andalucia/PMC-01217/2025_H1N1,flu-seqneut-2026_h1,0.002786,under,False,True,0.4124
flu-seqneut-2026_H1N1_35,A/California/NIRC-IS-1356/2025_H1N1,flu-seqneut-2026_h1,0.003843,under,False,True,0.5687
flu-seqneut-2026_H1N1_36,A/Netherlands/543/2026_H1N1,flu-seqneut-2026_h1,0.004956,ok,False,False,0.7335
flu-seqneut-2026_H1N1_37,A/Galicia/GA-CHUAC-612/2025_H1N1,flu-seqneut-2026_h1,0.002081,under,False,True,0.308
flu-seqneut-2026_H1N1_38,A/Denmark/4774/2025_H1N1,flu-seqneut-2026_h1,0.003139,under,False,True,0.4645
flu-seqneut-2026_H1N1_39,A/PaisVasco/70369726/2026_H1N1,flu-seqneut-2026_h1,0.007297,ok,False,False,1.08
flu-seqneut-2026_H1N1_40,A/MinasGerais/410/2026_H1N1,flu-seqneut-2026_h1,0.003787,under,False,True,0.5604
flu-seqneut-2026_H1N1_41,A/Hessen/18/2026_H1N1,flu-seqneut-2026_h1,0.005305,ok,False,False,0.7852
flu-seqneut-2026_H1N1_42,A/France/GES-IPP00659/2026_H1N1,flu-seqneut-2026_h1,0.005436,ok,False,False,0.8045
flu-seqneut-2026_H1N1_44,A/Ukraine/5214/2026_H1N1,flu-seqneut-2026_h1,0.003858,under,False,True,0.571
flu-seqneut-2026_H1N1_45,A/Vietnam/PF126009/2026_H1N1,flu-seqneut-2026_h1,0.003544,under,False,True,0.5245
flu-seqneut-2026_H1N1_46,A/France/ARA-HCL025195259501/2025_H1N1,flu-seqneut-2026_h1,0.006202,ok,False,False,0.9179
flu-seqneut-2026_H1N1_47,A/NordrheinWestfalen/96/2026_H1N1,flu-seqneut-2026_h1,0.004863,ok,False,False,0.7197
flu-seqneut-2026_H1N1_48,A/Arizona/40/2026_H1N1,flu-seqneut-2026_h1,0.003346,under,False,True,0.4952
flu-seqneut-2026_H1N1_49,A/MinasGerais/671/2026_H1N1,flu-seqneut-2026_h1,0.006862,ok,False,False,1.016
flu-seqneut-2026_H1N1_50,A/SouthAfrica/NICD-R01647/2026_H1N1,flu-seqneut-2026_h1,0.005038,ok,False,False,0.7456
flu-seqneut-2026_H1N1_51,A/Switzerland/UN-SNRCI-HUG-053/2025_H1N1,flu-seqneut-2026_h1,0.003355,under,False,True,0.4966
flu-seqneut-2026_H1N1_52,A/Mauritius/26000203/2026_H1N1,flu-seqneut-2026_h1,0.004459,under,False,True,0.6599
flu-seqneut-2026_H1N1_53,A/SouthAfrica/NICD-R01668/2026_H1N1,flu-seqneut-2026_h1,0.004459,under,False,True,0.66
flu-seqneut-2026_H1N1_54,A/SouthAfrica/PATH-CERI-C073366/2025_H1N1,flu-seqneut-2026_h1,0.005346,ok,False,False,0.7912
flu-seqneut-2026_H3N2_1,A/Darwin/1454/2025_H3N2,flu-seqneut-2026_h3,0.004439,under,False,True,0.657
flu-seqneut-2026_H3N2_2,A/Singapore/GP20238/2024_H3N2,flu-seqneut-2026_h3,0.005473,ok,False,False,0.81
flu-seqneut-2026_H3N2_3,A/Badajoz/18811358/2026_H3N2,flu-seqneut-2026_h3,0.005227,ok,False,False,0.7736
flu-seqneut-2026_H3N2_4,A/StPetersburg/RII-25-2042S/2025_H3N2,flu-seqneut-2026_h3,0.009787,ok,False,False,1.449
flu-seqneut-2026_H3N2_5,A/Ireland/91576/2025_H3N2,flu-seqneut-2026_h3,0.006519,ok,False,False,0.9648
flu-seqneut-2026_H3N2_6,A/Thuringen/16/2026_H3N2,flu-seqneut-2026_h3,0.006095,ok,False,False,0.902
flu-seqneut-2026_H3N2_7,A/StPetersburg/RII-25-2600S/2026_H3N2,flu-seqneut-2026_h3,0.006151,ok,False,False,0.9104
flu-seqneut-2026_H3N2_8,A/Astrakhan/RII-MH273373S/2025_H3N2,flu-seqneut-2026_h3,0.006039,ok,False,False,0.8938
flu-seqneut-2026_H3N2_9,A/Massachusetts/ISC-1856/2025_H3N2,flu-seqneut-2026_h3,0.005315,ok,False,False,0.7866
flu-seqneut-2026_H3N2_10,A/Florida/ISC-1069/2026_H3N2,flu-seqneut-2026_h3,0.007144,ok,False,False,1.057
flu-seqneut-2026_H3N2_11,A/Denmark/3940/2025_H3N2,flu-seqneut-2026_h3,0.009698,ok,False,False,1.435
flu-seqneut-2026_H3N2_12,A/France/PAC-RELAB-HCL026021993801/2026_H3N2,flu-seqneut-2026_h3,0.007279,ok,False,False,1.077
flu-seqneut-2026_H3N2_13,A/Luxembourg/LNS9132577/2026_H3N2,flu-seqneut-2026_h3,0.008786,ok,False,False,1.3
flu-seqneut-2026_H3N2_14,A/California/NIRC-IS-1067/2026_H3N2,flu-seqneut-2026_h3,0.01025,over,True,False,1.518
flu-seqneut-2026_H3N2_15,A/France/HDF-RELAB-IPP00300/2026_H3N2,flu-seqneut-2026_h3,0.005312,ok,False,False,0.7862
flu-seqneut-2026_H3N2_16,A/NovaScotia/25-365-06099/2025_H3N2,flu-seqneut-2026_h3,0.009631,ok,False,False,1.425
flu-seqneut-2026_H3N2_17,A/StPetersburg/RII-25-2321S/2025_H3N2,flu-seqneut-2026_h3,0.003974,under,False,True,0.5881
flu-seqneut-2026_H3N2_18,A/NordrheinWestfalen/54/2026_H3N2,flu-seqneut-2026_h3,0.005794,ok,False,False,0.8575
flu-seqneut-2026_H3N2_19,A/SantaCatarina/508/2026_H3N2,flu-seqneut-2026_h3,0.009357,ok,False,False,1.385
flu-seqneut-2026_H3N2_20,A/Trieste/380/2026_H3N2,flu-seqneut-2026_h3,0.004334,under,False,True,0.6414
flu-seqneut-2026_H3N2_21,A/Michigan/UM-10068071276/2025_H3N2,flu-seqneut-2026_h3,0.006324,ok,False,False,0.9359
flu-seqneut-2026_H3N2_22,A/Singapore/NTF0577/2025_H3N2,flu-seqneut-2026_h3,0.0108,over,True,False,1.599
flu-seqneut-2026_H3N2_23,A/California/NIRC-IS-1059/2026_H3N2,flu-seqneut-2026_h3,0.006889,ok,False,False,1.02
flu-seqneut-2026_H3N2_24,A/Germany/LRMC_0104/2025_H3N2,flu-seqneut-2026_h3,0.007487,ok,False,False,1.108
flu-seqneut-2026_H3N2_25,A/France/HDF-RELAB-IPP00303/2026_H3N2,flu-seqneut-2026_h3,0.008742,ok,False,False,1.294
flu-seqneut-2026_H3N2_26,A/Germany/LRMC_0113/2025_H3N2,flu-seqneut-2026_h3,0.008625,ok,False,False,1.276
flu-seqneut-2026_H3N2_27,A/StPetersburg/RII-25-2506S/2026_H3N2,flu-seqneut-2026_h3,0.03308,over,True,False,4.896
flu-seqneut-2026_H3N2_28,A/Connecticut/5/2026_H3N2,flu-seqneut-2026_h3,0.00822,ok,False,False,1.216
flu-seqneut-2026_H3N2_29,A/Singapore/SAR8915/2025_H3N2,flu-seqneut-2026_h3,0.009011,ok,False,False,1.334
flu-seqneut-2026_H3N2_30,A/France/ARA-HCL026031894402/2026_H3N2,flu-seqneut-2026_h3,0.008701,ok,False,False,1.288
flu-seqneut-2026_H3N2_31,A/Castellon/VAHNSI_02_02400/2025_H3N2,flu-seqneut-2026_h3,0.007409,ok,False,False,1.096
flu-seqneut-2026_H3N2_32,A/Trieste/257/2025_H3N2,flu-seqneut-2026_h3,0.01221,over,True,False,1.808
flu-seqneut-2026_H3N2_33,A/Badajoz/18738342/2026_H3N2,flu-seqneut-2026_h3,0.008983,ok,False,False,1.33
flu-seqneut-2026_H3N2_34,A/Saskatchewan/SKFLU477727/2025_H3N2,flu-seqneut-2026_h3,0.007768,ok,False,False,1.15
flu-seqneut-2026_H3N2_35,A/Michigan/UM-10068134090/2025_H3N2,flu-seqneut-2026_h3,0.009197,ok,False,False,1.361
flu-seqneut-2026_H3N2_36,A/Thuringen/39/2026_H3N2,flu-seqneut-2026_h3,0.007817,ok,False,False,1.157
flu-seqneut-2026_H3N2_37,A/California/GKISBBBH79910/2026_H3N2,flu-seqneut-2026_h3,0.007868,ok,False,False,1.165
flu-seqneut-2026_H3N2_38,A/SouthCarolina/USAFSAM-17046/2026_H3N2,flu-seqneut-2026_h3,0.004984,ok,False,False,0.7377
flu-seqneut-2026_H3N2_39,A/NakhonPhanom/P495/2026_H3N2,flu-seqneut-2026_h3,0.008222,ok,False,False,1.217
flu-seqneut-2026_H3N2_40,A/Romania/612042/2026_H3N2,flu-seqneut-2026_h3,0.0063,ok,False,False,0.9324
flu-seqneut-2026_H3N2_41,A/Victoria/2948/2025_H3N2,flu-seqneut-2026_h3,0.005434,ok,False,False,0.8042
flu-seqneut-2026_H3N2_42,A/Michigan/UM-10068747355/2026_H3N2,flu-seqneut-2026_h3,0.004633,ok,False,False,0.6857
flu-seqneut-2026_H3N2_43,A/Netherlands/968/2026_H3N2,flu-seqneut-2026_h3,0.004494,under,False,True,0.6652
flu-seqneut-2026_H3N2_45,A/Missouri/NIRC-AV-1003/2025_H3N2,flu-seqneut-2026_h3,0.00534,ok,False,False,0.7903
flu-seqneut-2026_H3N2_46,A/France/OCC-HCL026013263701/2026_H3N2,flu-seqneut-2026_h3,0.004778,ok,False,False,0.7071
flu-seqneut-2026_H3N2_47,A/Ontario/PHL202550193/2025_H3N2,flu-seqneut-2026_h3,0.007488,ok,False,False,1.108
flu-seqneut-2026_H3N2_48,A/Netherlands/888/2026_H3N2,flu-seqneut-2026_h3,0.01241,over,True,False,1.836
flu-seqneut-2026_H3N2_49,A/SouthAustralia/2605715552/2026_H3N2,flu-seqneut-2026_h3,0.008254,ok,False,False,1.222
flu-seqneut-2026_H3N2_50,A/France/HDF-IPP01550/2026_H3N2,flu-seqneut-2026_h3,0.006578,ok,False,False,0.9736
flu-seqneut-2026_H3N2_51,A/Saskatchewan/SKFLU477299/2025_H3N2,flu-seqneut-2026_h3,0.008871,ok,False,False,1.313
flu-seqneut-2026_H3N2_52,A/Parana/416133590/2026_H3N2,flu-seqneut-2026_h3,0.008769,ok,False,False,1.298
flu-seqneut-2026_H3N2_53,A/Montana/51/2025_H3N2,flu-seqneut-2026_h3,0.005701,ok,False,False,0.8438
flu-seqneut-2026_H3N2_54,A/France/GES-IPP01077/2026_H3N2,flu-seqneut-2026_h3,0.0117,over,True,False,1.732
flu-seqneut-2026_H3N2_55,A/Bolivia/OR5702/2025_H3N2,flu-seqneut-2026_h3,0.008494,ok,False,False,1.257
flu-seqneut-2026_H3N2_56,A/NewYork/NIRC-IS-1086/2026_H3N2,flu-seqneut-2026_h3,0.005434,ok,False,False,0.8042
flu-seqneut-2026_H3N2_57,A/Michigan/8/2026_H3N2,flu-seqneut-2026_h3,0.005379,ok,False,False,0.7961
flu-seqneut-2026_H3N2_58,A/Peru/ANC-INS-062/2026_H3N2,flu-seqneut-2026_h3,0.009212,ok,False,False,1.363
flu-seqneut-2026_H3N2_59,A/Blaenavon/6687/2026_H3N2,flu-seqneut-2026_h3,0.006303,ok,False,False,0.9329
flu-seqneut-2026_H3N2_60,A/Oregon/81/2025_H3N2,flu-seqneut-2026_h3,0.008101,ok,False,False,1.199
flu-seqneut-2026_H3N2_61,A/Michigan/UM-10068449788/2025_H3N2,flu-seqneut-2026_h3,0.005161,ok,False,False,0.7639
flu-seqneut-2026_H3N2_62,A/France/NAQ-HCL026010957001/2026_H3N2,flu-seqneut-2026_h3,0.007135,ok,False,False,1.056
flu-seqneut-2026_H3N2_63,A/Michigan/UM-10068456988/2025_H3N2,flu-seqneut-2026_h3,0.006728,ok,False,False,0.9958
flu-seqneut-2026_H3N2_64,A/Badajoz/18813527/2026_H3N2,flu-seqneut-2026_h3,0.004445,under,False,True,0.6579
flu-seqneut-2026_H3N2_65,A/BritishColumbia/RV00279-26/2025_H3N2,flu-seqneut-2026_h3,0.006947,ok,False,False,1.028
flu-seqneut-2026_H3N2_66,A/RiodeJaneiro/331/2026_H3N2,flu-seqneut-2026_h3,0.004834,ok,False,False,0.7155
flu-seqneut-2026_H3N2_67,A/Navarra/260009/2025_H3N2,flu-seqneut-2026_h3,0.005116,ok,False,False,0.7571
flu-seqneut-25to26_H1N1_3,A/Andalucia/PMC-00977/2025_H1N1,old_h1_vax,0.003904,under,False,True,0.5778
flu-seqneut-25to26_H1N1_5,A/Norway/9556/2025_H1N1,old_h1_vax,0.002661,under,False,True,0.3938
flu-seqneut-25to26_H1N1_25,A/Missouri/11/2025_cell_H1N1,old_h1_vax,0.004258,under,False,True,0.6302
flu-seqneut-2025_H1N1_5,A/Singapore/MOH0547/2024_H1N1,old_h1_vax,0.003529,under,False,True,0.5223
flu-seqneut-2025_H1N1_9,A/Tokyo/EIS11-277/2024_H1N1,old_h1_vax,0.004133,under,False,True,0.6116
flu-seqneut-2025_H1N1_24,A/Zacapa/FLU-012/2025_H1N1,old_h1_vax,0.006144,ok,False,False,0.9093
flu-seqneut-2025_H1N1_25,A/Colorado/218/2024_H1N1,old_h1_vax,0.002183,under,False,True,0.323
flu-seqneut-2025_H1N1_27,A/Ohio/259/2024_H1N1,old_h1_vax,0.003027,under,False,True,0.4479
flu-seqneut-2025_H1N1_37,A/Hawaii/ISC-1140/2025_H1N1,old_h1_vax,0.001858,under,False,True,0.2751
flu_seqneut_pdmH1N1_2023-2024_IVR238,A/Victoria/4897/2022_IVR-238_H1N1,old_h1_vax,0.003683,under,False,True,0.5451
flu_seqneut_pdmH1N1_2023-2024_VS4,A/Wisconsin/588/2019_H1N1,old_h1_vax,0.005654,ok,False,False,0.8368
flu_seqneut_pdmH1N1_2023-2024_VS5,A/Hawaii/70/2019_H1N1,old_h1_vax,0.006516,ok,False,False,0.9644
flu_seqneut_pdmH1N1_2023-2024_VS6,A/Wisconsin/67/2022_H1N1,old_h1_vax,0.003448,under,False,True,0.5103
flu-seqneut-25to26_H3N2_1,A/Darwin/1415/2025_H3N2,old_h3_vax,0.004112,under,False,True,0.6085
flu-seqneut-25to26_H3N2_3,A/Bangkok/P2390/2025_H3N2,old_h3_vax,0.006958,ok,False,False,1.03
flu-seqneut-25to26_H3N2_8,A/Distrito_Federal/250106000728/2025_H3N2,old_h3_vax,0.005079,ok,False,False,0.7517
flu-seqneut-25to26_H3N2_19,A/Galicia/GA-CHUAC-451/2025_H3N2,old_h3_vax,0.006364,ok,False,False,0.9419
flu-seqneut-25to26_H3N2_21,A/Sydney/1359/2024_H3N2,old_h3_vax,0.00667,ok,False,False,0.9872
flu-seqneut-25to26_H3N2_22,A/Malaysia/IMR/SARI/2406/2025_H3N2,old_h3_vax,0.00584,ok,False,False,0.8643
flu-seqneut-25to26_H3N2_25,A/Bangkok/P2391/2025_H3N2,old_h3_vax,0.01574,over,True,False,2.329
flu-seqneut-25to26_H3N2_35,A/South_Australia/2527213276/2025_H3N2,old_h3_vax,0.003261,under,False,True,0.4826
flu-seqneut-25to26_H3N2_46,A/South_Australia/2523812314/2025_H3N2,old_h3_vax,0.007237,ok,False,False,1.071
flu-seqneut-2025_H3N2_9,A/Colombia/1851/2024_H3N2,old_h3_vax,0.01031,over,True,False,1.526
flu-seqneut-2025_H3N2_59,A/Lisboa/216/2023_H3N2,old_h3_vax,0.01304,over,True,False,1.93
flu-seqneut-2025_H3N2_77,A/Croatia/10136RV/2023_H3N2,old_h3_vax,0.04355,over,True,False,6.445
flu-seqneut-2025_H3N2_Vax1,A/District_Of_Columbia/27/2023_H3N2,old_h3_vax,0.005629,ok,False,False,0.8331
flu-seqneut-DRIVE-2018to2026_H3N2_29,A/Vietnam/F7324/2024_H3N2,old_h3_vax,0.008316,ok,False,False,1.231
flu-seqneut-H3-2023to2024_H3N2_32,A/Massachusetts/18/2022_H3N2,old_h3_vax,0.008048,ok,False,False,1.191
flu-seqneut-H3-2023to2024_H3N2_79,A/Thailand/8/2022_H3N2,old_h3_vax,0.04023,over,True,False,5.953
